Date,Close/Last,Volume,Open,High,Low
10/03/2024,$38.17,4294655,$37.95,$38.6077,$37.755
10/02/2024,$39.17,2911247,$39.41,$39.97,$38.845
10/01/2024,$39.18,4431281,$39.42,$39.8399,$38.772
09/30/2024,$38.58,3456631,$38.90,$39.0304,$38.27
09/27/2024,$39.27,5633106,$39.53,$40.2999,$39.0901
09/26/2024,$39.28,9517542,$38.30,$39.62,$38.00
09/25/2024,$36.01,5326774,$35.42,$36.65,$35.42
09/24/2024,$36.78,9675563,$36.50,$37.375,$36.2101
09/23/2024,$34.23,4166613,$34.13,$34.45,$33.78
09/20/2024,$33.83,9046319,$33.60,$34.055,$33.205
09/19/2024,$34.92,6439794,$35.40,$35.76,$34.80
09/18/2024,$34.34,6447959,$34.24,$35.95,$33.88
09/17/2024,$33.97,5037471,$34.01,$34.24,$33.4211
09/16/2024,$34.50,10730930,$34.26,$35.60,$33.64
09/13/2024,$32.52,5376521,$32.03,$32.96,$31.925
09/12/2024,$31.35,5888458,$30.99,$31.76,$30.60
09/11/2024,$29.86,5048503,$28.84,$29.91,$28.30
09/10/2024,$28.17,4685226,$28.78,$28.84,$27.77
09/09/2024,$28.97,5212507,$29.00,$29.21,$28.40
09/06/2024,$28.53,7356006,$30.00,$30.2274,$28.345
09/05/2024,$30.27,3016694,$30.60,$31.09,$30.11
09/04/2024,$30.48,3127984,$30.84,$31.22,$30.46
09/03/2024,$30.22,5381726,$31.13,$31.145,$29.80
08/30/2024,$32.10,3339763,$32.50,$32.595,$31.815
08/29/2024,$32.47,4672904,$32.21,$32.775,$31.70
08/28/2024,$32.09,7350376,$33.19,$33.305,$32.00
08/27/2024,$34.30,3538716,$34.35,$35.105,$34.09
08/26/2024,$34.56,5397095,$35.00,$35.18,$34.47
08/23/2024,$33.92,4113845,$32.75,$34.10,$32.51
08/22/2024,$32.52,2894986,$33.25,$33.4499,$32.365
08/21/2024,$33.29,4287675,$34.04,$34.05,$32.92
08/20/2024,$33.76,5105345,$34.10,$34.75,$33.68
08/19/2024,$34.00,7297945,$32.51,$34.14,$32.31
08/16/2024,$32.12,4350152,$31.75,$32.42,$31.70
08/15/2024,$32.09,5102259,$31.74,$32.355,$31.67
08/14/2024,$31.10,5259696,$31.81,$31.97,$30.88
08/13/2024,$31.60,4914176,$31.07,$31.715,$30.98
08/12/2024,$31.19,5599602,$31.03,$31.66,$31.01
08/09/2024,$30.56,7073596,$31.26,$31.26,$30.39
08/08/2024,$30.63,6060962,$29.61,$30.66,$29.55
08/07/2024,$29.21,9780630,$30.00,$30.52,$28.93
08/06/2024,$29.39,13447150,$28.50,$29.64,$28.20
08/05/2024,$28.44,13153600,$27.98,$28.54,$27.12
08/02/2024,$29.47,6889118,$31.05,$31.06,$29.27
08/01/2024,$31.47,18449710,$32.95,$33.27,$31.09
07/31/2024,$33.04,6746214,$32.79,$33.57,$32.76
07/30/2024,$31.77,8687812,$32.55,$32.67,$31.16
07/29/2024,$33.02,4268417,$33.20,$33.46,$32.82
07/26/2024,$33.43,5798758,$33.75,$34.18,$32.92
07/25/2024,$32.91,5914151,$32.72,$33.5423,$32.50
07/24/2024,$32.84,6360102,$33.78,$34.1796,$32.665
07/23/2024,$33.90,11913610,$33.95,$34.2761,$33.57
07/22/2024,$34.53,6116742,$34.70,$34.82,$34.22
07/19/2024,$34.92,5336980,$35.26,$35.26,$34.55
07/18/2024,$35.65,8903577,$36.70,$38.22,$35.39
07/17/2024,$36.81,7669934,$38.24,$38.68,$36.81
07/16/2024,$38.66,6208296,$38.17,$38.69,$37.46
07/15/2024,$39.30,3816328,$39.00,$40.06,$38.5518
07/12/2024,$38.95,4871111,$40.11,$40.41,$38.87
07/11/2024,$39.18,8804646,$40.31,$40.515,$38.35
07/10/2024,$38.46,6127301,$40.66,$40.80,$38.23
07/09/2024,$40.33,3075140,$41.52,$42.0896,$40.30
07/08/2024,$41.66,3001032,$42.54,$42.55,$41.31
07/05/2024,$42.44,2670187,$42.65,$43.10,$42.42
07/03/2024,$42.38,4074499,$41.59,$43.00,$41.58
07/02/2024,$40.83,4039457,$39.89,$41.15,$39.8542
07/01/2024,$39.70,3228005,$40.25,$40.87,$39.54
06/28/2024,$39.78,6829130,$39.84,$40.12,$39.10
06/27/2024,$38.82,5027286,$39.34,$39.46,$38.53
06/26/2024,$39.43,3018214,$39.82,$39.97,$38.91
06/25/2024,$39.94,3066249,$40.10,$40.19,$39.17
06/24/2024,$40.56,4962772,$40.42,$41.57,$40.42
06/21/2024,$40.40,6499933,$39.96,$40.55,$39.1123
06/20/2024,$38.98,7089761,$38.10,$39.11,$37.90
06/18/2024,$37.49,3898413,$37.01,$38.23,$36.79
06/17/2024,$37.40,3847296,$37.52,$37.73,$36.90
06/14/2024,$37.90,3228475,$37.86,$38.15,$37.21
06/13/2024,$38.54,4360673,$39.52,$39.85,$38.34
06/12/2024,$39.71,3301571,$41.64,$42.25,$39.69
06/11/2024,$40.21,3520311,$40.25,$40.46,$39.56
06/10/2024,$41.16,2950620,$41.00,$41.59,$40.64
06/07/2024,$40.91,3982794,$41.60,$41.8688,$40.42
06/06/2024,$42.65,3154841,$42.51,$43.005,$42.293
06/05/2024,$42.59,3355544,$41.85,$42.74,$41.78
06/04/2024,$42.01,6500590,$43.01,$43.2798,$41.28
06/03/2024,$44.01,3887113,$44.66,$44.96,$43.7501
05/31/2024,$44.27,4527342,$44.76,$45.46,$43.30
05/30/2024,$44.54,5824970,$43.29,$45.48,$43.18
05/29/2024,$43.93,5275412,$42.47,$44.01,$42.27
05/28/2024,$43.20,7888482,$42.80,$43.60,$42.4358
05/24/2024,$41.64,2921734,$41.59,$42.13,$41.36
05/23/2024,$41.05,4764061,$42.20,$42.2554,$40.33
05/22/2024,$42.15,6324183,$42.97,$42.97,$41.80
05/21/2024,$44.09,9390676,$42.27,$44.57,$42.18
05/20/2024,$42.53,7220293,$41.17,$42.84,$41.02
05/17/2024,$41.22,4260672,$40.74,$41.55,$40.66
05/16/2024,$40.15,3743650,$40.00,$40.80,$39.80
05/15/2024,$40.04,5737070,$40.40,$40.50,$39.07
05/14/2024,$39.83,5399150,$40.38,$40.84,$39.509
05/13/2024,$40.16,8841687,$37.65,$40.31,$37.58
05/10/2024,$37.12,4540832,$37.63,$37.78,$36.86
05/09/2024,$37.36,4988988,$36.86,$37.69,$36.47
05/08/2024,$36.64,4058778,$36.70,$36.96,$36.30
05/07/2024,$37.57,3073877,$37.17,$37.79,$37.13
05/06/2024,$37.32,3769492,$37.33,$37.9383,$37.005
05/03/2024,$36.77,5496634,$36.70,$37.20,$36.25
05/02/2024,$35.94,5784373,$34.11,$35.975,$34.025
05/01/2024,$34.25,8387860,$35.20,$35.47,$33.88
04/30/2024,$35.14,7992998,$36.76,$36.92,$35.11
04/29/2024,$37.65,5738173,$36.88,$38.20,$36.65
04/26/2024,$36.88,5653338,$36.51,$37.39,$36.23
04/25/2024,$35.94,4467443,$35.86,$36.06,$34.78
04/24/2024,$36.08,5706785,$35.96,$36.55,$35.74
04/23/2024,$36.06,7574373,$35.00,$36.3948,$34.51
04/22/2024,$36.35,7838898,$35.73,$36.64,$35.25
04/19/2024,$35.53,8016819,$35.20,$36.44,$35.06
04/18/2024,$35.47,11608370,$35.51,$36.40,$33.84
04/17/2024,$35.55,12618850,$37.16,$37.48,$35.21
04/16/2024,$36.09,7126858,$35.15,$36.3393,$35.05
04/15/2024,$36.57,9916287,$37.00,$37.59,$36.465
04/12/2024,$35.20,7488668,$37.47,$38.03,$34.96
04/11/2024,$36.23,4244764,$36.16,$36.69,$35.75
04/10/2024,$36.19,5437519,$35.71,$36.66,$35.30
04/09/2024,$36.82,4750896,$37.10,$37.47,$36.28
04/08/2024,$36.34,4690518,$36.91,$37.145,$36.21
04/05/2024,$36.49,4509638,$35.77,$36.72,$35.6453
04/04/2024,$35.95,8961304,$37.30,$37.67,$35.83
04/03/2024,$37.18,11119380,$35.90,$37.545,$35.76
04/02/2024,$35.64,8190058,$34.06,$35.75,$33.82
04/01/2024,$34.02,4440195,$34.10,$34.36,$33.51
03/28/2024,$33.79,6147050,$33.24,$33.965,$33.20
03/27/2024,$33.21,6438969,$31.72,$33.23,$31.67
03/26/2024,$31.58,3764994,$32.32,$32.32,$31.23
03/25/2024,$31.86,4744964,$31.57,$32.30,$31.50
03/22/2024,$31.40,4334930,$31.00,$31.525,$30.84
03/21/2024,$31.35,5594696,$31.71,$32.13,$31.05
03/20/2024,$31.35,7446940,$29.63,$31.88,$29.52
03/19/2024,$29.67,9888748,$30.30,$30.47,$28.72
03/18/2024,$31.03,6844543,$30.94,$31.66,$30.79
03/15/2024,$30.44,8175194,$29.90,$30.76,$29.64
03/14/2024,$30.02,5678606,$30.38,$30.65,$29.61
03/13/2024,$30.56,6703181,$30.03,$31.19,$29.98
03/12/2024,$29.79,6140114,$30.60,$30.75,$29.21
03/11/2024,$30.49,6274509,$29.58,$30.7899,$29.48
03/08/2024,$29.85,6537765,$30.38,$30.64,$29.27
03/07/2024,$29.87,7740525,$28.86,$30.10,$28.86
03/06/2024,$28.22,6335600,$27.67,$28.725,$26.90
03/05/2024,$26.91,5704755,$27.05,$27.21,$26.57
03/04/2024,$27.48,3954744,$27.50,$27.55,$27.04
03/01/2024,$27.68,6845450,$27.50,$27.82,$26.8799
02/29/2024,$27.21,6020162,$26.69,$27.26,$26.31
02/28/2024,$26.32,3748436,$26.19,$26.535,$25.97
02/27/2024,$26.70,6822581,$25.91,$27.00,$25.20
02/26/2024,$25.34,11130000,$26.15,$26.15,$24.86
02/23/2024,$26.52,5340275,$27.62,$27.71,$26.47
02/22/2024,$27.75,6720750,$27.77,$27.841,$27.26
02/21/2024,$27.96,5642088,$27.12,$28.04,$27.07
02/20/2024,$26.69,4711849,$26.88,$26.88,$26.16
02/16/2024,$27.40,4686221,$27.34,$28.03,$27.16
02/15/2024,$27.39,4385488,$27.04,$27.64,$26.92
02/14/2024,$26.79,5100599,$26.21,$26.99,$25.87
02/13/2024,$25.85,7264231,$26.90,$27.20,$25.575
02/12/2024,$27.90,4374586,$27.10,$28.095,$26.87
02/09/2024,$26.89,4762128,$27.71,$27.734,$26.70
02/08/2024,$27.71,4854492,$27.44,$28.07,$27.14
02/07/2024,$27.53,5017197,$27.60,$27.765,$26.93
02/06/2024,$27.62,7829540,$26.94,$27.79,$26.93
02/05/2024,$26.84,8824323,$28.60,$28.60,$26.74
02/02/2024,$29.49,4959005,$29.00,$29.72,$28.55
02/01/2024,$29.69,4174587,$30.08,$30.405,$29.15
01/31/2024,$29.75,5760362,$30.49,$31.36,$29.715
01/30/2024,$30.61,4714657,$30.34,$30.84,$30.00
01/29/2024,$30.91,4649101,$30.46,$30.97,$29.6894
01/26/2024,$30.61,5123914,$30.22,$30.70,$29.8707
01/25/2024,$29.88,4683347,$29.96,$30.45,$29.21
01/24/2024,$29.76,8916006,$30.25,$30.37,$29.32
01/23/2024,$29.51,9363900,$29.15,$30.485,$29.0301
01/22/2024,$27.62,5793822,$26.87,$27.8552,$26.77
01/19/2024,$27.36,6001915,$26.73,$27.38,$26.345
01/18/2024,$26.75,12853150,$27.62,$28.72,$26.58
01/17/2024,$27.18,9606378,$27.17,$27.67,$27.05
01/16/2024,$27.87,10715030,$29.17,$29.29,$27.275
01/12/2024,$30.03,3933935,$31.19,$31.82,$30.02
01/11/2024,$30.88,4419749,$31.49,$31.64,$30.66
01/10/2024,$31.65,4733613,$31.80,$32.14,$31.31
01/09/2024,$31.94,5792123,$31.82,$32.45,$31.55
01/08/2024,$31.73,4992051,$31.82,$32.09,$31.22
01/05/2024,$32.13,7317669,$30.54,$32.305,$30.09
01/04/2024,$31.13,4543572,$31.13,$31.49,$30.86
01/03/2024,$31.49,8245658,$32.12,$32.27,$31.045
01/02/2024,$33.31,3837998,$33.53,$33.97,$33.04
12/29/2023,$34.00,3295505,$34.31,$34.74,$33.93
12/28/2023,$34.55,3909863,$34.68,$34.8118,$34.198
12/27/2023,$34.81,5798101,$34.23,$35.035,$33.7498
12/26/2023,$33.87,4505900,$33.86,$34.12,$33.50
12/22/2023,$33.77,9066769,$32.96,$34.44,$32.88
12/21/2023,$32.02,5566085,$31.25,$32.14,$30.59
12/20/2023,$30.65,7516945,$32.01,$32.475,$30.56
12/19/2023,$32.42,7967243,$31.19,$33.00,$30.9101
12/18/2023,$30.52,7270394,$31.44,$32.31,$30.52
12/15/2023,$31.10,19183790,$29.93,$32.50,$29.67
12/14/2023,$29.90,16594040,$27.04,$30.135,$26.94
12/13/2023,$25.99,7919148,$24.04,$26.04,$23.885
12/12/2023,$24.05,5849349,$24.68,$24.75,$23.80
12/11/2023,$24.93,4290666,$24.75,$25.3199,$24.67
12/08/2023,$25.02,5133177,$25.04,$25.725,$24.87
12/07/2023,$24.94,6780082,$25.16,$25.29,$24.27
12/06/2023,$25.12,4055033,$25.60,$25.96,$25.04
12/05/2023,$25.24,7715838,$26.50,$26.53,$25.13
12/04/2023,$26.81,4964975,$27.28,$27.93,$26.765
12/01/2023,$27.74,5462935,$27.00,$28.015,$26.5101
11/30/2023,$26.86,4823473,$26.58,$27.245,$26.4399
11/29/2023,$26.44,6103838,$26.42,$27.04,$26.22
11/28/2023,$26.08,4382377,$26.22,$26.29,$25.64
11/27/2023,$26.30,3428999,$26.22,$26.5958,$25.87
11/24/2023,$26.24,1282299,$26.16,$26.56,$26.16
11/22/2023,$26.38,2925838,$26.28,$26.62,$25.98
11/21/2023,$26.39,2881900,$26.28,$26.625,$26.17
11/20/2023,$26.47,4231732,$26.32,$26.70,$25.97
11/17/2023,$26.22,4988743,$26.35,$26.9775,$26.12
11/16/2023,$26.00,4080260,$26.60,$26.99,$25.94
11/15/2023,$26.95,5857249,$26.52,$27.34,$26.36
11/14/2023,$26.17,5472140,$25.44,$26.565,$25.36
11/13/2023,$24.60,2839661,$24.49,$25.025,$24.3001
11/10/2023,$24.64,3040197,$24.70,$24.8899,$24.28
11/09/2023,$24.58,4078496,$25.81,$25.87,$24.41
11/08/2023,$25.53,3671356,$25.12,$25.66,$24.965
11/07/2023,$25.54,4852895,$25.22,$25.595,$24.82
11/06/2023,$25.97,3869527,$26.71,$26.73,$25.76
11/03/2023,$26.53,5479951,$26.50,$27.005,$26.14
11/02/2023,$26.07,5825331,$25.50,$26.142,$25.295
11/01/2023,$25.03,6202053,$25.67,$25.78,$24.275
10/31/2023,$25.64,5156478,$25.28,$25.89,$24.84
10/30/2023,$25.32,9442581,$24.00,$25.425,$23.8501
10/27/2023,$23.51,6325040,$23.975,$24.11,$23.17
10/26/2023,$23.51,6386776,$23.99,$24.1895,$23.37
10/25/2023,$23.84,5510187,$23.335,$24.03,$23.14
10/24/2023,$23.44,7557444,$23.66,$24.21,$23.36
10/23/2023,$23.41,6780193,$23.16,$24.21,$23.07
10/20/2023,$24.01,9204421,$23.50,$24.37,$23.26
10/19/2023,$24.24,13580570,$26.16,$26.22,$24.215
10/18/2023,$26.52,6489364,$27.10,$27.43,$26.50
10/17/2023,$27.77,6025202,$26.30,$28.37,$26.27
10/16/2023,$26.81,4977729,$27.20,$27.445,$26.7825
10/13/2023,$26.58,4533433,$27.00,$27.25,$26.33
10/12/2023,$26.90,4851815,$28.04,$28.06,$26.41
10/11/2023,$28.04,3749841,$28.29,$28.40,$27.60
10/10/2023,$28.20,4850018,$27.64,$28.57,$27.4701
10/09/2023,$27.25,3857120,$26.68,$27.465,$26.62
10/06/2023,$27.15,6246883,$26.57,$27.50,$26.13
10/05/2023,$26.53,4425076,$27.13,$27.30,$26.45
10/04/2023,$27.16,5335536,$27.73,$27.81,$26.37
10/03/2023,$27.65,5457898,$28.11,$28.85,$27.27
10/02/2023,$28.84,4496029,$28.69,$29.33,$28.33
09/29/2023,$29.06,7723051,$29.07,$29.83,$28.97
09/28/2023,$28.14,7998093,$26.59,$28.15,$26.411
09/27/2023,$26.20,5604857,$26.07,$26.78,$25.95
09/26/2023,$25.86,6536845,$26.36,$26.7496,$25.59
09/25/2023,$26.63,9304192,$27.75,$27.77,$26.34
09/22/2023,$28.35,5096808,$28.27,$28.5961,$28.05
09/21/2023,$27.87,5488792,$28.68,$28.68,$27.86
09/20/2023,$29.38,8084407,$28.65,$29.79,$28.55
09/19/2023,$28.34,5153224,$28.83,$28.9892,$27.835
09/18/2023,$28.85,4524804,$29.19,$29.24,$28.485
09/15/2023,$28.85,8716044,$29.89,$29.89,$28.80
09/14/2023,$30.19,6722592,$29.52,$30.30,$29.4136
09/13/2023,$28.65,3960695,$28.22,$28.69,$28.07
09/12/2023,$28.20,3630503,$28.45,$28.82,$28.12
09/11/2023,$28.68,5012351,$28.82,$29.05,$28.43
09/08/2023,$28.10,4524257,$28.30,$28.4671,$27.96
09/07/2023,$28.45,9406076,$29.45,$29.45,$28.06
09/06/2023,$30.20,4090894,$30.04,$30.65,$29.81
09/05/2023,$30.29,4304771,$30.78,$31.12,$30.20
09/01/2023,$31.10,5976992,$30.95,$31.45,$30.7014
08/31/2023,$30.08,19155340,$29.82,$30.83,$29.56
08/30/2023,$29.51,4926964,$29.65,$29.65,$29.07
08/29/2023,$29.61,6315824,$28.54,$29.62,$28.34
08/28/2023,$28.48,4457549,$28.60,$29.02,$28.38
08/25/2023,$28.23,5398305,$28.82,$29.075,$27.76
08/24/2023,$28.75,4329546,$28.36,$29.11,$28.3099
08/23/2023,$28.81,5915245,$28.78,$29.03,$28.56
08/22/2023,$28.78,4594258,$28.91,$29.09,$28.18
08/21/2023,$28.59,4701351,$29.00,$29.0699,$28.03
08/18/2023,$28.97,7345396,$28.45,$29.00,$28.23
08/17/2023,$29.11,6527408,$29.92,$30.04,$28.91
08/16/2023,$29.31,7915883,$30.08,$30.52,$29.095
08/15/2023,$30.34,5807857,$31.475,$31.475,$30.305
08/14/2023,$31.73,7337110,$31.56,$31.86,$30.60
08/11/2023,$31.96,4735375,$32.465,$32.495,$31.8087
08/10/2023,$32.88,4810865,$33.97,$34.00,$32.55
08/09/2023,$33.62,4132679,$33.48,$34.09,$33.03
08/08/2023,$33.23,5366294,$33.02,$33.35,$32.68
08/07/2023,$34.06,3520608,$33.90,$34.06,$33.22
08/04/2023,$33.95,3820122,$34.55,$34.93,$33.755
08/03/2023,$34.50,4244965,$34.00,$34.69,$33.51
08/02/2023,$33.93,5294750,$34.425,$34.685,$33.66
08/01/2023,$35.18,5222665,$35.48,$35.66,$35.10
07/31/2023,$36.19,6038960,$35.45,$36.585,$35.31
07/28/2023,$34.76,4173672,$34.35,$34.79,$33.79
07/27/2023,$33.91,6002474,$35.06,$35.13,$33.90
07/26/2023,$34.84,7282086,$35.02,$35.4473,$34.545
07/25/2023,$35.61,8928584,$34.69,$36.34,$34.26
07/24/2023,$33.75,6036658,$32.89,$34.3057,$32.77
07/21/2023,$33.38,5567261,$32.79,$33.495,$32.76
07/20/2023,$32.68,11962060,$35.33,$35.76,$32.67
07/19/2023,$34.84,6127124,$35.17,$35.34,$34.53
07/18/2023,$35.04,4661669,$35.31,$35.72,$34.62
07/17/2023,$35.57,6405879,$34.35,$36.05,$34.25
07/14/2023,$34.52,8082529,$35.50,$35.52,$34.05
07/13/2023,$36.69,5835871,$35.70,$37.17,$35.55
07/12/2023,$35.05,4288675,$35.81,$35.95,$34.9995
07/11/2023,$34.69,5218426,$33.60,$34.87,$33.33
07/10/2023,$34.14,3891413,$33.70,$34.57,$33.60
07/07/2023,$34.09,6300263,$32.80,$34.60,$32.68
07/06/2023,$32.54,6069900,$33.03,$33.2229,$31.83
07/05/2023,$33.68,4490668,$33.91,$34.4425,$33.52
07/03/2023,$34.27,2460935,$34.50,$34.93,$34.14
06/30/2023,$33.93,4971171,$33.99,$34.10,$33.315
06/29/2023,$33.76,5419217,$33.50,$33.96,$33.08
06/28/2023,$33.66,3657233,$34.00,$34.03,$33.39
06/27/2023,$34.43,4130368,$33.49,$34.525,$33.03
06/26/2023,$32.99,3311317,$32.78,$33.53,$32.78
06/23/2023,$32.84,5497399,$32.73,$33.30,$32.55
06/22/2023,$33.41,7328343,$33.80,$33.95,$32.81
06/21/2023,$34.91,4907536,$33.70,$35.13,$33.5768
06/20/2023,$34.22,5374934,$34.584,$34.88,$33.88
06/16/2023,$35.62,5812781,$35.97,$36.04,$34.7901
06/15/2023,$35.97,4217496,$35.67,$36.24,$35.35
06/14/2023,$36.13,4615132,$37.74,$37.74,$35.66
06/13/2023,$36.70,6175909,$36.02,$37.61,$35.89
06/12/2023,$34.99,3857446,$34.87,$35.6792,$34.62
06/09/2023,$35.23,3072409,$35.61,$35.83,$34.83
06/08/2023,$35.58,3779418,$35.61,$35.9497,$34.76
06/07/2023,$35.35,5266294,$34.93,$36.34,$34.55
06/06/2023,$34.55,4132640,$33.50,$34.98,$33.44
06/05/2023,$33.78,4118519,$34.83,$34.83,$33.40
06/02/2023,$34.94,8045744,$34.29,$35.39,$33.94
06/01/2023,$32.70,4830644,$32.00,$33.04,$31.5201
05/31/2023,$31.72,6457625,$32.50,$32.6975,$31.14
05/30/2023,$32.80,6159490,$33.705,$33.705,$32.07
05/26/2023,$33.69,5877107,$34.59,$34.79,$33.61
05/25/2023,$33.79,3906539,$34.21,$34.64,$33.51
05/24/2023,$34.35,3450694,$35.26,$35.36,$34.205
05/23/2023,$35.67,3542708,$36.00,$36.17,$35.45
05/22/2023,$36.40,3252830,$36.18,$36.94,$36.06
05/19/2023,$36.10,3553568,$37.15,$37.15,$35.93
05/18/2023,$36.81,3326287,$36.29,$36.93,$35.67
05/17/2023,$36.74,4058251,$36.95,$37.35,$36.1915
05/16/2023,$36.10,3234860,$36.49,$37.03,$36.025
05/15/2023,$36.99,3438900,$35.505,$37.08,$35.37
05/12/2023,$35.37,1980049,$35.44,$35.50,$35.03
05/11/2023,$35.33,3272433,$35.40,$35.9299,$35.06
05/10/2023,$36.14,2961222,$37.14,$37.22,$35.38
05/09/2023,$36.51,3446286,$36.10,$36.92,$35.71
05/08/2023,$36.82,3750369,$37.96,$38.20,$36.69
05/05/2023,$36.15,3870326,$35.24,$36.35,$34.87
05/04/2023,$34.38,3615347,$34.66,$35.09,$33.95
05/03/2023,$35.02,3564572,$35.61,$36.25,$34.86
05/02/2023,$35.68,3927155,$36.46,$36.72,$35.14
05/01/2023,$37.27,2730319,$37.66,$37.6999,$36.77
04/28/2023,$37.14,3835148,$36.08,$37.2362,$35.775
04/27/2023,$36.27,3850853,$35.555,$36.48,$35.4018
04/26/2023,$35.45,4799489,$36.08,$36.20,$35.02
04/25/2023,$35.75,6363472,$36.90,$36.90,$35.72
04/24/2023,$38.04,5029922,$37.98,$38.54,$37.56
04/21/2023,$38.16,9180084,$39.83,$39.83,$37.41
04/20/2023,$40.23,9331203,$40.00,$42.23,$39.62
04/19/2023,$41.22,5951990,$40.96,$41.958,$40.50
04/18/2023,$42.15,3753218,$41.37,$42.19,$40.9996
04/17/2023,$40.80,2841151,$40.31,$40.82,$40.09
04/14/2023,$40.40,3376721,$41.35,$41.43,$39.985
04/13/2023,$40.94,4086474,$40.38,$41.345,$40.12
04/12/2023,$39.64,5255978,$41.18,$41.25,$39.375
04/11/2023,$40.63,4282019,$40.52,$41.18,$40.15
04/10/2023,$39.78,2452039,$39.16,$40.15,$39.00
04/06/2023,$39.16,5313556,$39.12,$39.29,$38.08
04/05/2023,$39.43,4250998,$39.82,$40.19,$38.72
04/04/2023,$40.34,4587363,$41.44,$41.52,$39.31
04/03/2023,$41.77,3272145,$42.56,$42.95,$41.13
03/31/2023,$42.56,3079309,$41.97,$42.75,$41.60
03/30/2023,$41.76,4800356,$41.60,$42.89,$41.38
03/29/2023,$40.94,4154949,$41.30,$41.40,$40.71
03/28/2023,$40.53,3409822,$40.25,$41.03,$40.0601
03/27/2023,$40.12,3897729,$40.51,$40.77,$39.5734
03/24/2023,$40.08,4014499,$39.28,$40.185,$38.816
03/23/2023,$40.23,4143239,$40.58,$41.63,$39.73
03/22/2023,$40.06,6664518,$41.95,$42.2399,$39.96
03/21/2023,$41.91,4334067,$41.12,$42.47,$41.12
03/20/2023,$40.28,8559764,$39.89,$40.78,$39.69
03/17/2023,$39.15,10291980,$40.61,$40.75,$38.9006
03/16/2023,$40.75,6522501,$39.17,$41.0983,$38.51
03/15/2023,$39.77,9434502,$42.33,$42.47,$38.85
03/14/2023,$44.59,4196995,$45.83,$46.23,$43.92
03/13/2023,$44.71,5585459,$43.51,$46.05,$42.245
03/10/2023,$44.91,6195524,$48.12,$48.12,$44.46
03/09/2023,$47.90,5590521,$50.70,$51.14,$47.33
03/08/2023,$51.02,3467001,$50.41,$51.2399,$49.75
03/07/2023,$50.17,6298115,$52.78,$53.04,$49.92
03/06/2023,$53.69,5129924,$54.01,$54.90,$53.38
03/03/2023,$55.52,6162675,$54.33,$55.74,$53.70
03/02/2023,$53.69,6469643,$50.19,$53.71,$50.05
03/01/2023,$51.65,7599559,$51.29,$52.96,$50.53
02/28/2023,$48.94,3871434,$48.25,$50.04,$47.80
02/27/2023,$48.04,4931159,$46.85,$48.435,$46.37
02/24/2023,$46.45,4587667,$46.93,$46.93,$45.27
02/23/2023,$47.96,4654339,$48.50,$49.03,$46.55
02/22/2023,$48.98,7719780,$49.73,$50.96,$48.51
02/21/2023,$48.07,5382019,$48.13,$49.7897,$47.81
02/17/2023,$46.89,5550593,$48.175,$48.19,$46.32
02/16/2023,$48.77,5437503,$48.29,$50.44,$48.05
02/15/2023,$48.41,3628285,$47.51,$48.59,$47.2801
02/14/2023,$48.93,4296238,$47.50,$49.08,$46.94
02/13/2023,$47.95,3334051,$48.39,$48.6999,$47.12
02/10/2023,$48.69,4612560,$49.28,$49.49,$48.19
02/09/2023,$50.01,4197561,$51.47,$51.67,$49.714
02/08/2023,$50.62,4649482,$52.18,$52.6799,$50.61
02/07/2023,$53.24,4359369,$52.16,$53.40,$50.865
02/06/2023,$52.02,5405112,$55.14,$55.40,$50.86
02/03/2023,$52.74,3546185,$53.40,$54.38,$52.58
02/02/2023,$53.66,4665593,$54.28,$54.4692,$51.92
02/01/2023,$54.58,5479053,$52.10,$54.73,$51.62
01/31/2023,$52.24,4638765,$49.90,$52.30,$49.53
01/30/2023,$50.34,4370035,$51.91,$52.13,$50.28
01/27/2023,$52.75,4772525,$51.39,$53.46,$50.98
01/26/2023,$52.11,3967436,$52.43,$52.7499,$50.41
01/25/2023,$52.19,4584114,$51.87,$52.705,$51.07
01/24/2023,$52.87,5561496,$51.22,$54.06,$51.20
01/23/2023,$51.75,4311410,$51.27,$52.00,$50.42
01/20/2023,$51.00,6097998,$49.135,$51.7299,$48.68
01/19/2023,$49.52,12142680,$51.14,$53.1445,$49.52
01/18/2023,$53.45,9115377,$56.50,$57.609,$53.13
01/17/2023,$54.86,5288249,$54.61,$55.49,$54.06
01/13/2023,$54.61,4697047,$52.84,$55.02,$52.45
01/12/2023,$53.32,5733266,$52.84,$53.36,$50.60
01/11/2023,$51.95,5175953,$53.21,$53.55,$51.68
01/10/2023,$52.98,5734276,$50.60,$53.125,$49.91
01/09/2023,$50.27,6175599,$47.59,$50.65,$47.49
01/06/2023,$46.36,4645220,$46.52,$47.74,$45.68
01/05/2023,$45.49,3835722,$45.30,$45.99,$44.14
01/04/2023,$45.13,3523420,$44.77,$45.90,$44.3709
01/03/2023,$44.58,2880182,$45.77,$46.67,$44.44
12/30/2022,$45.47,3614386,$46.01,$46.48,$44.69
12/29/2022,$46.56,4744674,$44.03,$46.70,$43.73
12/28/2022,$43.80,3116338,$44.86,$44.86,$43.43
12/27/2022,$44.86,2031480,$44.90,$45.5799,$44.59
12/23/2022,$44.20,2061757,$44.17,$44.57,$43.50
12/22/2022,$43.85,3731046,$44.58,$44.63,$41.82
12/21/2022,$44.87,3986216,$44.68,$45.745,$43.9499
12/20/2022,$44.09,4948055,$42.62,$44.33,$42.5801
12/19/2022,$42.32,3189591,$43.00,$43.20,$41.91
12/16/2022,$42.72,7334754,$42.57,$43.57,$42.221
12/15/2022,$43.27,4300872,$44.40,$44.66,$43.01
12/14/2022,$45.50,3755322,$45.35,$45.95,$44.77
12/13/2022,$46.17,4444303,$48.55,$48.88,$45.45
12/12/2022,$45.81,4502758,$44.38,$45.88,$43.79
12/09/2022,$45.08,4587155,$45.81,$46.15,$44.78
12/08/2022,$47.28,2601892,$48.39,$48.46,$47.05
12/07/2022,$46.60,3152394,$47.58,$48.64,$46.57
12/06/2022,$48.31,4103105,$47.30,$48.80,$47.05
12/05/2022,$46.52,6391821,$50.50,$51.25,$46.52
12/02/2022,$50.39,4833508,$48.06,$50.58,$47.65
12/01/2022,$49.10,3848362,$50.04,$50.77,$48.85
11/30/2022,$50.13,6778409,$48.88,$50.49,$47.63
11/29/2022,$47.70,3632245,$47.78,$48.3125,$47.451
11/28/2022,$46.43,4805316,$46.92,$47.34,$45.57
11/25/2022,$47.89,1687359,$48.55,$48.9425,$47.6101
11/23/2022,$48.51,3214022,$48.51,$48.97,$47.88
11/22/2022,$49.36,5593316,$47.72,$49.42,$46.94
11/21/2022,$46.63,5378136,$46.13,$46.89,$44.51
11/18/2022,$47.31,3967438,$48.18,$48.57,$46.72
11/17/2022,$47.37,5688237,$46.93,$47.46,$45.55
11/16/2022,$48.67,7751298,$47.65,$48.83,$46.24
11/15/2022,$49.21,5395269,$49.60,$49.99,$48.44
11/14/2022,$48.22,6572530,$46.55,$49.05,$46.40
11/11/2022,$47.66,18068230,$45.26,$50.7599,$45.04
11/10/2022,$43.83,8201898,$42.81,$45.49,$42.81
11/09/2022,$40.68,4181219,$42.53,$42.7454,$40.34
11/08/2022,$43.23,4740199,$42.18,$43.385,$41.46
11/07/2022,$41.51,4790732,$42.47,$42.79,$41.00
11/04/2022,$42.40,11099440,$41.54,$43.52,$40.80
11/03/2022,$37.70,4407655,$37.14,$38.19,$36.5119
11/02/2022,$37.77,5227760,$40.71,$41.14,$37.77
11/01/2022,$40.88,6356120,$40.77,$42.13,$40.26
10/31/2022,$39.03,5388653,$38.86,$40.03,$38.82
10/28/2022,$39.49,6566408,$40.78,$40.785,$38.46
10/27/2022,$41.41,5169067,$42.58,$42.81,$41.19
10/26/2022,$42.65,6084100,$42.09,$43.08,$41.28
10/25/2022,$41.49,8522212,$38.765,$42.39,$38.44
10/24/2022,$39.17,7822356,$40.05,$40.15,$38.60
10/21/2022,$41.06,13762580,$38.85,$41.92,$38.56
10/20/2022,$38.91,36329460,$35.82,$41.67,$35.40
10/19/2022,$37.62,8372839,$39.02,$39.31,$37.15
10/18/2022,$39.71,5082704,$40.37,$40.58,$38.578
10/17/2022,$39.38,5538020,$39.45,$40.2899,$38.40
10/14/2022,$38.35,5606597,$40.94,$40.94,$37.89
10/13/2022,$40.88,8221708,$38.64,$40.97,$38.29
10/12/2022,$39.86,17974220,$37.78,$41.11,$36.58
10/11/2022,$37.85,4918681,$37.86,$39.07,$37.29
10/10/2022,$38.84,5590142,$39.50,$40.1897,$38.4616
10/07/2022,$39.01,6270625,$39.04,$39.355,$37.88
10/06/2022,$39.85,6853926,$39.37,$40.35,$38.65
10/05/2022,$40.08,7798397,$38.93,$40.42,$38.31
10/04/2022,$40.23,9700670,$39.16,$40.39,$38.38
10/03/2022,$37.39,9731361,$34.35,$37.94,$34.00
09/30/2022,$33.66,9024626,$34.81,$35.74,$33.55
09/29/2022,$35.43,13168090,$37.15,$37.55,$34.27
09/28/2022,$35.23,9904833,$34.68,$35.53,$33.70
09/27/2022,$34.70,8346278,$35.04,$35.84,$34.40
09/26/2022,$34.47,7275503,$35.09,$36.02,$34.345
09/23/2022,$35.51,8163851,$35.90,$36.32,$35.11
09/22/2022,$37.52,9867663,$39.94,$40.39,$37.48
09/21/2022,$39.41,11719970,$43.50,$43.87,$39.37
09/20/2022,$43.53,5023568,$43.58,$43.80,$42.70
09/19/2022,$44.63,6566960,$41.25,$45.12,$41.0931
09/16/2022,$42.46,11489620,$43.10,$43.76,$41.61
09/15/2022,$43.14,8631739,$44.57,$45.54,$43.0125
09/14/2022,$44.81,13376450,$49.095,$49.47,$44.03
09/13/2022,$50.29,4331637,$50.34,$52.44,$49.83
09/12/2022,$52.34,5283214,$53.40,$53.79,$51.56
09/09/2022,$52.62,7269523,$50.40,$53.07,$50.27
09/08/2022,$48.86,5264385,$47.98,$48.94,$47.15
09/07/2022,$47.66,5242804,$47.02,$48.07,$46.12
09/06/2022,$47.91,6800871,$49.66,$50.5199,$47.45
09/02/2022,$49.25,3963120,$49.28,$50.3499,$48.9302
09/01/2022,$48.08,5971366,$47.695,$48.41,$46.10
08/31/2022,$49.48,5649651,$50.33,$50.61,$48.89
08/30/2022,$50.79,7757509,$54.89,$54.89,$50.03
08/29/2022,$55.50,5515827,$55.17,$56.884,$54.67
08/26/2022,$55.84,5506845,$57.67,$58.235,$55.20
08/25/2022,$56.92,4968527,$55.19,$57.00,$54.40
08/24/2022,$54.43,4943568,$52.11,$54.46,$51.77
08/23/2022,$53.09,5267034,$51.06,$53.875,$50.67
08/22/2022,$50.27,4340009,$50.00,$50.95,$49.06
08/19/2022,$51.01,4467135,$52.53,$52.78,$50.685
08/18/2022,$53.84,4021462,$52.57,$54.20,$52.36
08/17/2022,$51.98,4020402,$52.03,$52.44,$51.29
08/16/2022,$53.12,4925114,$52.80,$53.89,$52.59
08/15/2022,$51.70,4225088,$50.59,$52.18,$49.93
08/12/2022,$52.76,4262674,$52.40,$53.43,$51.77
08/11/2022,$53.27,4924474,$54.27,$55.63,$53.12
08/10/2022,$52.95,5677794,$51.32,$53.45,$50.795
08/09/2022,$50.38,4725274,$49.45,$50.74,$49.26
08/08/2022,$48.65,4228844,$49.65,$50.40,$48.47
08/05/2022,$49.52,5074792,$47.49,$51.35,$47.45
08/04/2022,$47.85,4494611,$48.54,$49.6399,$47.20
08/03/2022,$48.49,4383122,$48.67,$48.8537,$47.515
08/02/2022,$48.34,4685863,$47.84,$49.56,$47.2605
08/01/2022,$48.28,5926862,$49.88,$50.22,$48.06
07/29/2022,$50.89,5622033,$49.82,$51.015,$49.09
07/28/2022,$49.08,5081035,$48.29,$49.22,$46.63
07/27/2022,$47.75,4819049,$47.605,$47.96,$45.89
07/26/2022,$46.99,5336657,$47.13,$48.2247,$46.16
07/25/2022,$46.80,6842148,$46.80,$47.725,$46.20
07/22/2022,$45.80,10121230,$46.05,$48.4699,$45.47
07/21/2022,$45.15,12226240,$47.33,$47.45,$43.46
07/20/2022,$45.06,6823184,$44.67,$45.49,$43.60
07/19/2022,$44.90,5484089,$43.29,$44.92,$42.85
07/18/2022,$43.42,5707284,$44.47,$45.25,$43.085
07/15/2022,$43.06,5191708,$41.56,$43.06,$40.3101
07/14/2022,$40.81,5408234,$40.84,$41.15,$39.565
07/13/2022,$43.19,3671339,$41.59,$43.5299,$41.38
07/12/2022,$42.25,4310102,$41.65,$42.95,$41.1612
07/11/2022,$42.73,4849341,$43.82,$44.38,$42.59
07/08/2022,$44.83,5312466,$45.63,$45.79,$44.40
07/07/2022,$45.65,7508197,$45.50,$46.73,$45.18
07/06/2022,$42.63,8640691,$41.89,$43.12,$40.65
07/05/2022,$42.09,7444969,$42.83,$43.26,$41.37
07/01/2022,$44.78,6634831,$44.885,$45.8294,$43.35
06/30/2022,$45.58,6217520,$46.18,$46.59,$44.27
06/29/2022,$47.62,4292061,$49.74,$49.75,$46.88
06/28/2022,$49.25,5222532,$50.12,$51.0999,$48.8677
06/27/2022,$49.56,4212020,$50.52,$50.52,$48.75
06/24/2022,$49.36,7387829,$47.19,$49.8462,$46.52
06/23/2022,$46.62,8209069,$47.98,$48.795,$45.22
06/22/2022,$48.90,6423987,$47.51,$49.89,$47.47
06/21/2022,$50.08,5540918,$50.79,$51.9399,$49.49
06/17/2022,$49.28,8593426,$49.47,$50.20,$47.6401
06/16/2022,$49.68,8381338,$48.46,$51.86,$48.45
06/15/2022,$51.11,10392370,$49.55,$52.39,$49.01
06/14/2022,$48.92,5759070,$50.17,$50.51,$48.30
06/13/2022,$49.84,7334355,$49.59,$50.92,$48.27
06/10/2022,$53.01,9354669,$54.04,$54.75,$52.57
06/09/2022,$55.56,10345890,$61.46,$61.70,$55.56
06/08/2022,$62.28,4453330,$64.53,$65.8989,$62.12
06/07/2022,$65.51,3811076,$62.80,$65.55,$62.23
06/06/2022,$64.02,5390902,$62.59,$64.25,$61.195
06/03/2022,$61.83,3182762,$62.55,$63.05,$61.06
06/02/2022,$63.83,3925145,$63.70,$65.14,$62.85
06/01/2022,$62.41,4459146,$61.135,$63.7099,$60.64
05/31/2022,$61.72,18488760,$66.09,$67.52,$61.305
05/27/2022,$64.50,6887413,$63.59,$65.98,$63.2478
05/26/2022,$62.85,5268412,$60.95,$63.25,$59.74
05/25/2022,$60.94,6188583,$60.03,$61.4592,$58.88
05/24/2022,$61.33,6208093,$61.99,$62.18,$60.09
05/23/2022,$63.14,6221409,$62.30,$63.65,$59.86
05/20/2022,$60.57,8740955,$63.06,$63.7499,$58.51
05/19/2022,$62.05,6751699,$60.16,$64.47,$60.11
05/18/2022,$60.51,6828123,$62.62,$63.8189,$60.01
05/17/2022,$63.40,6836941,$64.17,$64.71,$61.80
05/16/2022,$60.28,6681535,$59.50,$61.15,$58.60
05/13/2022,$58.33,7740582,$57.29,$59.68,$56.90
05/12/2022,$54.58,7408825,$54.85,$56.36,$53.34
05/11/2022,$56.66,6194322,$57.46,$59.36,$56.27
05/10/2022,$55.84,8497550,$55.51,$56.91,$53.61
05/09/2022,$54.21,12074880,$58.50,$58.5731,$53.73
05/06/2022,$61.04,5591505,$62.37,$62.80,$60.00
05/05/2022,$63.46,6049343,$67.77,$68.17,$61.94
05/04/2022,$67.96,5753312,$65.00,$68.09,$64.21
05/03/2022,$64.66,6510792,$65.17,$67.66,$64.20
05/02/2022,$66.16,5816742,$67.00,$67.62,$64.43
04/29/2022,$67.80,6093752,$71.06,$72.68,$67.225
04/28/2022,$70.52,5643487,$69.78,$70.9984,$67.0812
04/27/2022,$69.99,8631131,$68.265,$71.54,$67.54
04/26/2022,$66.97,7984906,$67.15,$69.03,$64.67
04/25/2022,$67.37,14092520,$64.71,$68.58,$62.46
04/22/2022,$67.37,10970340,$71.87,$72.30,$66.72
04/21/2022,$72.20,21971310,$80.65,$81.40,$71.32
04/20/2022,$86.93,6909149,$85.91,$88.01,$82.56
04/19/2022,$86.58,5120603,$87.85,$88.20,$85.51
04/18/2022,$89.45,4475049,$88.00,$90.98,$86.94
04/14/2022,$87.77,5012822,$87.38,$90.08,$87.10
04/13/2022,$87.42,4797730,$84.73,$87.74,$83.15
04/12/2022,$83.26,4274335,$83.70,$86.38,$82.9542
04/11/2022,$82.53,4671668,$83.62,$84.20,$80.83
04/08/2022,$84.15,4586351,$85.30,$86.87,$83.63
04/07/2022,$86.10,6516553,$87.70,$88.3943,$83.1701
04/06/2022,$87.73,4531447,$89.00,$89.81,$86.74
04/05/2022,$87.71,6846078,$93.20,$93.20,$85.10
04/04/2022,$90.90,3687030,$91.00,$91.58,$88.85
04/01/2022,$90.62,5746311,$91.69,$93.58,$87.535
03/31/2022,$90.03,4567221,$91.67,$92.70,$89.8006
03/30/2022,$92.19,5513570,$92.60,$93.99,$90.96
03/29/2022,$90.07,7530657,$86.50,$90.10,$84.1295
03/28/2022,$92.46,5111285,$90.64,$92.87,$88.11
03/25/2022,$91.96,6039434,$95.89,$98.09,$91.02
03/24/2022,$95.06,7352274,$91.65,$95.44,$91.39
03/23/2022,$94.22,6848035,$91.49,$95.79,$91.02
03/22/2022,$89.88,6100540,$89.98,$91.563,$88.52
03/21/2022,$90.69,9901007,$85.57,$92.11,$85.3001
03/18/2022,$82.44,7681594,$80.52,$82.70,$79.21
03/17/2022,$80.73,8423152,$77.98,$81.72,$77.02
03/16/2022,$75.63,6809804,$74.79,$76.79,$72.581
03/15/2022,$73.71,7090348,$71.07,$74.00,$69.93
03/14/2022,$73.50,7915115,$77.17,$77.17,$72.0481
03/11/2022,$79.04,5690036,$80.49,$81.8672,$78.65
03/10/2022,$82.94,10238580,$83.69,$84.36,$78.25
03/09/2022,$79.52,11917670,$79.80,$80.81,$77.00
03/08/2022,$82.37,12840930,$82.00,$85.5999,$77.77
03/07/2022,$85.40,12623520,$89.56,$92.32,$83.51
03/04/2022,$90.66,19676800,$82.01,$90.95,$81.73
03/03/2022,$82.89,7513666,$82.53,$84.275,$79.45
03/02/2022,$82.56,10760850,$81.01,$83.16,$78.7819
03/01/2022,$79.78,15303420,$77.89,$85.73,$77.06
02/28/2022,$75.34,9363349,$77.65,$80.5799,$75.01
02/25/2022,$77.85,7361905,$73.11,$78.38,$71.781
02/24/2022,$73.30,11610910,$75.29,$77.45,$69.85
02/23/2022,$75.32,6588168,$74.25,$75.68,$73.1101
02/22/2022,$74.09,8994048,$80.00,$80.08,$73.11
02/18/2022,$78.20,5825344,$76.03,$78.37,$75.55
02/17/2022,$76.47,5515030,$77.06,$77.66,$75.4345
02/16/2022,$77.84,7355774,$75.00,$77.95,$74.72
02/15/2022,$74.04,6823367,$72.45,$74.19,$70.56
02/14/2022,$73.86,7813281,$74.54,$75.23,$71.92
02/11/2022,$73.52,9952265,$68.96,$74.50,$68.7308
02/10/2022,$71.17,11437740,$70.94,$73.72,$70.12
02/09/2022,$71.91,10244700,$69.52,$72.37,$68.97
02/08/2022,$69.97,16122880,$65.83,$71.97,$65.60
02/07/2022,$63.75,5021855,$64.95,$65.77,$63.02
02/04/2022,$64.22,7161159,$62.26,$65.60,$61.88
02/03/2022,$62.74,8076610,$58.90,$63.36,$58.33
02/02/2022,$59.21,5613758,$58.19,$59.585,$57.25
02/01/2022,$58.17,5939348,$57.99,$58.44,$56.73
01/31/2022,$56.71,7206053,$56.94,$57.02,$55.02
01/28/2022,$57.40,6995278,$58.00,$58.39,$55.58
01/27/2022,$58.03,6445290,$60.60,$61.6599,$57.47
01/26/2022,$60.75,9267426,$61.54,$63.64,$59.88
01/25/2022,$61.21,7780587,$57.51,$61.60,$56.7608
01/24/2022,$58.02,9209629,$53.81,$58.20,$53.26
01/21/2022,$56.21,11024980,$60.02,$60.15,$56.04
01/20/2022,$61.25,15925960,$62.10,$64.25,$59.97
01/19/2022,$59.63,7851084,$61.39,$61.93,$58.885
01/18/2022,$60.05,5994091,$60.50,$61.56,$58.80
01/14/2022,$61.39,4397108,$60.27,$61.44,$59.34
01/13/2022,$60.51,5769838,$61.75,$63.26,$60.37
01/12/2022,$61.88,6434989,$63.66,$64.37,$60.86
01/11/2022,$62.20,6003582,$60.71,$62.25,$59.12
01/10/2022,$61.54,5653472,$61.62,$62.71,$60.441
01/07/2022,$62.37,8071270,$60.14,$62.89,$59.65
01/06/2022,$58.45,4363058,$58.94,$59.4911,$57.25
01/05/2022,$58.55,7599751,$58.95,$61.79,$58.445
01/04/2022,$57.53,7980653,$60.68,$61.15,$57.21
01/03/2022,$60.36,6208442,$60.24,$62.61,$60.09
12/31/2021,$59.58,3943966,$59.16,$60.0452,$58.70
12/30/2021,$59.21,4507541,$59.68,$61.59,$59.14
12/29/2021,$59.63,4022735,$59.13,$60.12,$58.67
12/28/2021,$59.19,6002294,$59.28,$59.56,$58.51
12/27/2021,$59.83,6270013,$58.37,$59.86,$57.23
12/23/2021,$59.36,7516371,$59.00,$60.59,$58.46
12/22/2021,$59.31,10594820,$56.93,$60.5536,$56.67
12/21/2021,$56.79,10784070,$53.80,$57.24,$53.75
12/20/2021,$53.11,8394528,$51.89,$53.355,$51.36
12/17/2021,$53.73,31780860,$52.26,$53.78,$50.8812
12/16/2021,$52.59,12482610,$52.00,$54.15,$51.98
12/15/2021,$50.97,9047608,$49.51,$51.01,$48.045
12/14/2021,$50.46,14668200,$48.96,$51.08,$48.41
12/13/2021,$47.78,4950901,$49.22,$50.05,$47.20
12/10/2021,$48.80,5525355,$49.97,$50.15,$47.84
12/09/2021,$49.98,8731969,$47.80,$50.98,$47.35
12/08/2021,$48.56,5594720,$47.07,$48.735,$46.98
12/07/2021,$46.94,5637731,$47.07,$48.05,$46.73
12/06/2021,$45.56,7116506,$44.92,$46.7381,$44.13
12/03/2021,$44.07,5930836,$44.76,$44.92,$43.26
12/02/2021,$44.82,5522504,$44.435,$45.29,$43.8201
12/01/2021,$43.78,15223060,$47.89,$48.05,$43.75
11/30/2021,$46.53,9644856,$48.78,$49.38,$45.56
11/29/2021,$49.14,6546723,$49.22,$49.935,$47.779
11/26/2021,$47.95,7291156,$47.74,$48.14,$45.82
11/24/2021,$50.46,7137598,$48.81,$51.335,$48.41
11/23/2021,$49.02,4881724,$49.16,$50.21,$48.45
11/22/2021,$48.51,6379850,$47.80,$49.70,$47.30
11/19/2021,$47.60,5644176,$47.31,$48.08,$46.69
11/18/2021,$47.70,4353631,$47.55,$47.83,$46.49
11/17/2021,$47.92,5365638,$48.91,$50.00,$47.62
11/16/2021,$48.20,8759691,$49.86,$50.00,$47.96
11/15/2021,$50.63,6352096,$50.99,$51.00,$49.44
11/12/2021,$51.92,9310579,$50.73,$52.86,$50.35
11/11/2021,$51.21,14257320,$48.52,$51.71,$48.40
11/10/2021,$46.17,5964765,$47.01,$47.69,$45.60
11/09/2021,$47.24,7051546,$48.72,$49.16,$46.75
11/08/2021,$48.86,10550350,$49.20,$50.62,$48.16
11/05/2021,$47.86,8316982,$46.00,$48.10,$46.00
11/04/2021,$46.37,11378850,$47.50,$47.62,$45.29
11/03/2021,$47.43,6552163,$47.20,$48.65,$46.76
11/02/2021,$47.08,10040500,$46.86,$47.48,$45.90
11/01/2021,$46.73,9336808,$46.22,$47.5301,$45.21
10/29/2021,$45.95,6647240,$46.08,$47.21,$45.38
10/28/2021,$46.45,10235710,$47.17,$47.48,$45.51
10/27/2021,$45.89,12864710,$47.48,$47.92,$45.45
10/26/2021,$49.55,6153108,$50.80,$51.2656,$49.26
10/25/2021,$51.17,11070150,$50.11,$52.125,$49.35
10/22/2021,$49.25,7469345,$50.49,$50.99,$48.87
10/21/2021,$49.99,9066902,$51.70,$51.70,$49.80
10/20/2021,$52.51,7330394,$52.80,$53.8999,$52.02
10/19/2021,$53.68,10860850,$57.24,$57.24,$53.61
10/18/2021,$57.24,9883752,$54.99,$57.57,$54.96
10/15/2021,$56.00,33374930,$51.92,$56.93,$51.00
10/14/2021,$48.60,9971260,$49.29,$50.04,$48.06
10/13/2021,$48.40,5836826,$48.135,$48.90,$47.23
10/12/2021,$47.78,6872261,$47.88,$49.44,$47.3446
10/11/2021,$47.29,6078775,$47.91,$49.38,$47.15
10/08/2021,$46.03,5548594,$47.07,$47.33,$45.63
10/07/2021,$47.05,5916632,$48.17,$48.26,$46.94
10/06/2021,$47.05,7321764,$47.79,$48.23,$45.80
10/05/2021,$49.05,4226393,$49.59,$49.82,$48.39
10/04/2021,$49.18,4681676,$50.53,$51.23,$49.06
10/01/2021,$49.77,6561195,$49.46,$49.89,$47.94
09/30/2021,$48.94,6045624,$50.06,$50.47,$48.93
09/29/2021,$50.58,4609123,$52.075,$52.0797,$50.1606
09/28/2021,$50.98,7122331,$51.60,$52.45,$50.16
09/27/2021,$51.56,8264621,$48.56,$51.71,$48.48
09/24/2021,$48.49,5168089,$47.87,$49.08,$47.75
09/23/2021,$48.56,5723397,$48.11,$49.46,$47.80
09/22/2021,$47.95,10983770,$47.30,$49.37,$47.10
09/21/2021,$45.60,14587090,$48.75,$49.14,$44.48
09/20/2021,$48.46,9338058,$45.71,$48.48,$45.24
09/17/2021,$48.83,10520020,$49.19,$49.77,$47.47
09/16/2021,$49.41,8054416,$50.95,$50.96,$48.66
09/15/2021,$51.68,9413927,$49.72,$51.89,$49.51
09/14/2021,$48.00,6902590,$48.98,$49.2441,$47.62
09/13/2021,$49.22,8579094,$50.25,$51.169,$49.06
09/10/2021,$49.50,10397450,$48.25,$50.345,$48.25
09/09/2021,$47.51,7477554,$46.185,$47.8899,$46.04
09/08/2021,$45.73,5689816,$46.52,$47.77,$45.405
09/07/2021,$46.77,6170038,$47.61,$48.39,$46.48
09/03/2021,$47.21,5203778,$46.955,$47.72,$46.04
09/02/2021,$46.91,8466801,$46.03,$48.24,$45.90
09/01/2021,$45.60,11739150,$43.71,$46.22,$42.45
08/31/2021,$44.37,6152582,$44.26,$44.95,$42.96
08/30/2021,$44.05,5552301,$44.50,$44.88,$43.33
08/27/2021,$44.13,7106743,$42.19,$44.30,$42.08
08/26/2021,$41.42,3971998,$41.72,$42.5799,$41.35
08/25/2021,$42.06,4728792,$42.05,$42.695,$41.64
08/24/2021,$42.13,5672786,$41.83,$43.03,$41.74
08/23/2021,$41.11,9678618,$38.60,$41.44,$38.57
08/20/2021,$37.71,7819084,$37.50,$38.20,$37.19
08/19/2021,$36.92,16177790,$39.90,$40.09,$36.6085
08/18/2021,$41.49,6107372,$41.03,$42.35,$40.80
08/17/2021,$41.61,8015483,$42.78,$42.94,$40.34
08/16/2021,$43.42,4964509,$44.10,$44.19,$42.8201
08/13/2021,$45.25,5839387,$45.39,$45.7905,$44.89
08/12/2021,$45.15,6678342,$44.29,$45.40,$43.7701
08/11/2021,$44.66,7674533,$43.48,$44.74,$43.15
08/10/2021,$43.87,11404030,$40.69,$44.15,$40.65
08/09/2021,$40.53,5634414,$40.45,$41.49,$39.90
08/06/2021,$40.71,6146725,$39.62,$40.95,$39.2299
08/05/2021,$38.75,4021718,$38.49,$39.35,$38.29
08/04/2021,$38.75,5087554,$39.97,$40.019,$38.53
08/03/2021,$40.38,6269207,$39.52,$40.45,$38.00
08/02/2021,$39.40,7601700,$40.22,$41.65,$39.38
07/30/2021,$40.15,8142636,$39.16,$40.66,$38.96
07/29/2021,$39.37,6648512,$38.94,$40.00,$38.78
07/28/2021,$38.23,6217530,$38.56,$38.92,$37.8065
07/27/2021,$38.27,5782369,$38.04,$38.50,$37.37
07/26/2021,$38.96,8950255,$37.59,$39.02,$37.02
07/23/2021,$37.06,5840643,$37.52,$37.87,$36.49
07/22/2021,$37.23,7230108,$36.95,$37.49,$36.10
07/21/2021,$37.09,11877730,$35.25,$37.41,$35.25
07/20/2021,$34.95,15651340,$31.55,$35.2602,$31.26
07/19/2021,$31.62,12140840,$31.99,$32.45,$30.995
07/16/2021,$32.95,14579690,$35.35,$35.70,$32.7323
07/15/2021,$34.54,8560168,$35.27,$35.93,$34.235
07/14/2021,$35.14,6964629,$36.25,$36.90,$34.94
07/13/2021,$35.62,8073363,$37.15,$37.18,$35.22
07/12/2021,$37.29,5139491,$36.88,$37.94,$36.58
07/09/2021,$37.44,6624400,$36.50,$37.78,$36.28
07/08/2021,$35.36,6245448,$35.00,$36.09,$34.08
07/07/2021,$36.23,4987915,$36.66,$37.28,$35.83
07/06/2021,$36.47,8577484,$37.61,$37.9479,$36.24
07/02/2021,$37.92,7338025,$37.44,$38.50,$37.13
07/01/2021,$36.96,6119937,$37.40,$37.69,$36.47
06/30/2021,$36.84,6047752,$37.20,$37.8039,$36.68
06/29/2021,$37.53,8493518,$36.55,$38.00,$36.54
06/28/2021,$36.09,8758199,$36.17,$36.61,$35.67
06/25/2021,$35.80,32496830,$36.95,$37.11,$35.78
06/24/2021,$36.35,6733849,$35.93,$36.67,$35.269
06/23/2021,$35.04,9462627,$35.08,$35.96,$34.82
06/22/2021,$33.91,6153288,$33.38,$34.08,$32.78
06/21/2021,$33.09,6758628,$32.44,$33.33,$32.35
06/18/2021,$32.08,9979915,$33.05,$33.45,$31.90
06/17/2021,$33.58,12414490,$35.26,$35.35,$32.63
06/16/2021,$35.36,7645651,$35.54,$35.85,$34.69
06/15/2021,$36.29,8600587,$36.22,$36.36,$34.75
06/14/2021,$36.95,5887303,$37.30,$37.785,$36.46
06/11/2021,$37.38,4649409,$38.23,$38.56,$37.11
06/10/2021,$37.42,3736056,$38.26,$38.80,$37.24
06/09/2021,$37.98,4926756,$38.47,$38.68,$37.49
06/08/2021,$38.62,5046288,$37.63,$38.9199,$36.70
06/07/2021,$37.74,5016418,$38.74,$38.74,$37.3847
06/04/2021,$38.84,3361220,$39.32,$39.58,$38.32
06/03/2021,$38.72,5030088,$39.02,$39.54,$38.2678
06/02/2021,$40.00,5504606,$40.70,$40.70,$39.46
06/01/2021,$40.98,7332372,$40.20,$41.155,$40.14
05/28/2021,$39.67,4536793,$38.64,$39.70,$38.22
05/27/2021,$39.01,6946052,$37.51,$39.055,$37.30
05/26/2021,$36.55,5991018,$35.38,$36.585,$35.38
05/25/2021,$35.15,5868522,$36.46,$36.93,$34.94
05/24/2021,$36.50,5462015,$36.11,$36.79,$35.40
05/21/2021,$36.14,6902609,$36.17,$37.0675,$35.65
05/20/2021,$35.82,7124340,$36.36,$36.36,$35.28
05/19/2021,$36.17,15755860,$38.34,$38.37,$35.39
05/18/2021,$39.84,5665221,$41.11,$41.69,$39.58
05/17/2021,$40.68,4767769,$39.55,$40.70,$38.57
05/14/2021,$39.70,4718169,$39.10,$39.98,$38.651
05/13/2021,$39.13,6493529,$39.146,$40.97,$38.19
05/12/2021,$39.51,8252229,$41.13,$42.24,$39.15
05/11/2021,$41.32,9042131,$39.07,$42.15,$38.96
05/10/2021,$41.04,11649720,$42.75,$44.42,$41.02
05/07/2021,$41.20,4828309,$39.76,$41.38,$39.25
05/06/2021,$39.89,7163968,$40.89,$41.44,$39.28
05/05/2021,$40.60,5035155,$39.37,$40.88,$38.64
05/04/2021,$39.07,6704936,$38.02,$39.27,$37.65
05/03/2021,$37.61,4657715,$37.18,$38.055,$36.05
04/30/2021,$36.64,6284736,$36.52,$38.07,$36.35
04/29/2021,$37.17,4895439,$36.99,$37.50,$36.36
04/28/2021,$36.49,3468329,$36.53,$36.97,$36.29
04/27/2021,$36.75,5855171,$36.04,$37.70,$35.82
04/26/2021,$36.80,7747562,$35.16,$37.06,$34.995
04/23/2021,$34.71,4818317,$33.98,$34.86,$33.7602
04/22/2021,$33.21,5436624,$34.20,$34.33,$33.16
04/21/2021,$34.26,7890150,$32.57,$34.68,$32.50
04/20/2021,$32.98,10494790,$35.91,$35.95,$32.381
04/19/2021,$36.03,10102390,$35.40,$36.54,$34.81
04/16/2021,$35.63,17790330,$34.03,$36.03,$33.865
04/15/2021,$32.84,6132580,$33.46,$33.62,$32.15
04/14/2021,$33.39,8200517,$31.95,$34.24,$31.80
04/13/2021,$31.24,3412640,$31.98,$32.18,$30.83
04/12/2021,$31.77,4418476,$31.50,$31.88,$31.10
04/09/2021,$31.36,4317326,$31.16,$31.55,$30.51
04/08/2021,$31.45,5776052,$31.80,$31.92,$30.025
04/07/2021,$31.52,4193353,$31.37,$31.97,$31.11
04/06/2021,$31.31,6204497,$31.66,$33.07,$31.10
04/05/2021,$31.55,3933781,$32.68,$32.7999,$31.51
04/01/2021,$32.23,5482082,$32.20,$32.5799,$31.49
03/31/2021,$32.49,7236579,$33.66,$34.29,$32.11
03/30/2021,$32.97,6286685,$32.15,$33.05,$31.34
03/29/2021,$32.04,8276237,$32.45,$33.99,$31.855
03/26/2021,$32.78,9604262,$30.41,$32.80,$30.15
03/25/2021,$29.66,6403022,$28.03,$29.7651,$27.55
03/24/2021,$28.76,9127477,$29.72,$30.48,$28.59
03/23/2021,$27.42,8474586,$28.39,$29.25,$27.11
03/22/2021,$30.43,3552299,$31.23,$31.42,$30.08
03/19/2021,$31.14,6934807,$31.13,$31.62,$30.0701
03/18/2021,$31.19,6727235,$31.66,$33.4495,$30.93
03/17/2021,$31.81,6861307,$30.17,$31.81,$30.04
03/16/2021,$29.52,5035665,$30.75,$30.785,$29.29
03/15/2021,$31.04,4543403,$31.45,$31.68,$30.34
03/12/2021,$31.51,4732979,$31.89,$32.48,$31.28
03/11/2021,$32.16,6259221,$32.30,$32.8717,$31.6901
03/10/2021,$31.98,7927665,$30.34,$32.42,$30.34
03/09/2021,$29.94,7555203,$28.99,$30.05,$28.20
03/08/2021,$28.47,4985666,$29.65,$30.17,$28.40
03/05/2021,$28.99,7777627,$29.23,$30.505,$27.41
03/04/2021,$28.59,10364260,$29.715,$30.39,$27.3601
03/03/2021,$30.83,17570190,$28.90,$31.37,$28.52
03/02/2021,$27.50,8530319,$26.20,$27.86,$26.20
03/01/2021,$25.99,5560293,$25.67,$26.38,$25.40
02/26/2021,$24.55,6412682,$24.20,$24.98,$23.64
02/25/2021,$25.56,8444384,$27.48,$27.80,$25.105
02/24/2021,$27.20,8974303,$25.10,$27.29,$25.10
02/23/2021,$24.90,6009773,$23.86,$25.09,$22.95
02/22/2021,$24.80,9399508,$23.46,$25.475,$23.05
02/19/2021,$23.13,7262321,$21.56,$23.34,$21.55
02/18/2021,$21.12,3545632,$22.03,$22.26,$21.07
02/17/2021,$21.93,4239475,$22.41,$22.675,$21.71
02/16/2021,$22.43,4264320,$22.09,$22.62,$22.0545
02/12/2021,$21.66,3306025,$21.09,$21.755,$20.96
02/11/2021,$21.39,3865124,$21.51,$21.67,$20.97
02/10/2021,$21.56,5196620,$21.58,$22.12,$21.0524
02/09/2021,$21.76,5591021,$21.77,$22.345,$21.66
02/08/2021,$21.80,8285018,$21.33,$21.97,$21.29
02/05/2021,$20.95,5242727,$20.58,$20.98,$20.22
02/04/2021,$20.36,5516652,$20.02,$20.4459,$19.85
02/03/2021,$19.90,10453660,$19.11,$20.18,$18.85
02/02/2021,$19.11,7218520,$19.16,$19.375,$18.805
02/01/2021,$18.82,9127432,$18.49,$18.89,$17.78
01/29/2021,$18.00,7772462,$18.65,$18.8399,$17.775
01/28/2021,$18.50,7028644,$19.10,$19.30,$18.475
01/27/2021,$18.66,9215320,$18.69,$18.97,$17.30
01/26/2021,$18.56,5928799,$19.60,$19.6598,$18.55
01/25/2021,$19.34,7926939,$19.26,$19.44,$18.58
01/22/2021,$19.40,11183390,$19.40,$20.04,$19.17
01/21/2021,$20.01,22833830,$20.93,$21.70,$20.00
01/20/2021,$22.84,5578332,$23.50,$23.74,$22.64
01/19/2021,$23.09,5737725,$23.89,$24.22,$22.86
01/15/2021,$23.28,5866810,$24.515,$24.515,$22.96
01/14/2021,$25.09,3991370,$25.00,$25.38,$24.8501
01/13/2021,$24.44,2599874,$25.14,$25.15,$24.31
01/12/2021,$25.08,2844175,$24.78,$25.45,$24.54
01/11/2021,$24.56,3041869,$23.86,$24.90,$23.53
01/08/2021,$24.99,2967826,$25.30,$25.47,$24.52
01/07/2021,$25.23,4445458,$25.63,$26.20,$24.96
01/06/2021,$25.21,5656874,$24.50,$25.66,$24.40
01/05/2021,$23.67,4297930,$23.30,$24.12,$23.22
01/04/2021,$23.25,5400324,$23.62,$24.45,$23.125
12/31/2020,$23.05,3443724,$23.00,$23.43,$22.40
12/30/2020,$22.95,3435025,$22.07,$23.18,$21.98
12/29/2020,$22.04,3492994,$22.14,$22.34,$21.15
12/28/2020,$22.24,4336333,$22.10,$23.02,$22.09
12/24/2020,$21.96,1075501,$22.34,$22.34,$21.81
12/23/2020,$22.22,3480750,$21.80,$22.66,$21.80
12/22/2020,$21.61,4197039,$22.17,$22.22,$21.50
12/21/2020,$22.11,3869440,$21.25,$22.24,$21.13
12/18/2020,$22.01,5137275,$22.21,$22.61,$21.86
12/17/2020,$22.18,7318439,$22.28,$23.21,$21.74
12/16/2020,$21.58,5423842,$22.06,$22.13,$21.3042
12/15/2020,$22.17,4226504,$22.115,$22.60,$21.7582
12/14/2020,$21.76,6286195,$23.25,$23.375,$21.682
12/11/2020,$22.84,6157390,$23.50,$23.59,$22.16
12/10/2020,$24.01,4988111,$22.625,$24.098,$22.53
12/09/2020,$22.71,7021415,$23.665,$24.00,$22.00
12/08/2020,$23.29,5734950,$23.07,$23.68,$22.90
12/07/2020,$23.39,6582480,$23.51,$23.54,$23.03
12/04/2020,$23.73,7697829,$22.33,$24.17,$22.33
12/03/2020,$22.04,5909508,$22.74,$22.89,$21.96
12/02/2020,$22.37,5866346,$21.58,$22.46,$21.30
12/01/2020,$21.83,8331878,$20.48,$22.12,$20.46
11/30/2020,$19.90,4427569,$20.32,$20.45,$19.65
11/27/2020,$20.48,3739509,$20.60,$21.19,$20.265
11/25/2020,$20.37,5405714,$20.68,$20.84,$20.26
11/24/2020,$20.82,7384066,$20.24,$21.00,$20.025
11/23/2020,$19.81,7392416,$19.30,$20.08,$19.24
11/20/2020,$18.82,4749801,$18.89,$19.23,$18.60
11/19/2020,$18.93,5024584,$18.30,$18.99,$18.19
11/18/2020,$18.33,6255259,$18.30,$18.85,$18.30
11/17/2020,$18.27,5443321,$17.37,$18.30,$17.11
11/16/2020,$17.66,6564812,$17.21,$17.66,$16.76
11/13/2020,$16.57,5058820,$15.92,$16.6298,$15.86
11/12/2020,$15.62,5090151,$15.49,$16.10,$15.16
11/11/2020,$15.89,5780551,$16.21,$16.3401,$15.6849
11/10/2020,$15.99,4843782,$15.89,$16.16,$15.51
11/09/2020,$15.73,8373249,$15.50,$16.185,$15.11
11/06/2020,$14.44,4255758,$14.30,$14.54,$14.00
11/05/2020,$14.05,5732695,$13.31,$14.30,$13.31
11/04/2020,$13.19,6122748,$13.65,$13.65,$12.86
11/03/2020,$13.83,4717116,$13.94,$14.13,$13.69
11/02/2020,$13.61,4940788,$13.10,$13.70,$13.03
10/30/2020,$12.92,3998321,$12.70,$13.032,$12.61
10/29/2020,$12.75,5620866,$12.21,$12.79,$12.15
10/28/2020,$12.36,4349777,$12.50,$12.63,$12.35
10/27/2020,$13.03,3815534,$12.93,$13.215,$12.77
10/26/2020,$13.00,3640636,$13.26,$13.37,$12.865
10/23/2020,$13.47,5307324,$13.80,$14.14,$13.47
10/22/2020,$13.66,5368251,$13.28,$13.67,$13.02
10/21/2020,$13.32,7320878,$12.83,$13.60,$12.80
10/20/2020,$12.80,4542602,$12.90,$13.10,$12.74
10/19/2020,$12.63,6672158,$12.67,$13.22,$12.61
10/16/2020,$12.62,5378026,$12.31,$12.66,$12.03
10/15/2020,$12.30,13471680,$11.45,$12.44,$11.41
10/14/2020,$13.00,7484734,$12.79,$13.14,$12.7055
10/13/2020,$12.72,5930770,$12.44,$12.83,$12.36
10/12/2020,$12.59,5099471,$12.59,$12.65,$12.3494
10/09/2020,$12.52,8440008,$12.94,$12.97,$12.25
10/08/2020,$12.73,4872874,$12.45,$12.74,$12.38
10/07/2020,$12.24,3928884,$11.96,$12.30,$11.96
10/06/2020,$11.67,7031319,$12.11,$12.47,$11.66
10/05/2020,$11.93,5387481,$11.95,$12.17,$11.835
10/02/2020,$11.82,5600902,$11.02,$11.95,$10.98
10/01/2020,$11.39,6112046,$11.69,$11.88,$11.29
09/30/2020,$11.63,5513080,$11.68,$12.10,$11.56
09/29/2020,$11.67,5180879,$12.1799,$12.1799,$11.55
09/28/2020,$12.24,5121059,$11.83,$12.33,$11.82
09/25/2020,$11.55,6190419,$11.50,$11.7573,$11.30
09/24/2020,$11.70,3919562,$11.66,$11.915,$11.39
09/23/2020,$11.64,5418928,$12.01,$12.39,$11.57
09/22/2020,$12.21,4914999,$12.36,$12.42,$11.89
09/21/2020,$12.30,7070388,$12.96,$13.0899,$11.985
09/18/2020,$13.32,7734461,$13.49,$13.805,$13.30
09/17/2020,$13.45,7479512,$13.61,$13.64,$13.21
09/16/2020,$13.90,5585966,$13.92,$14.08,$13.705
09/15/2020,$13.78,5345890,$14.20,$14.39,$13.78
09/14/2020,$14.05,2691561,$14.19,$14.22,$13.87
09/11/2020,$13.98,4217426,$13.89,$14.28,$13.675
09/10/2020,$13.78,4206090,$14.15,$14.34,$13.73
09/09/2020,$14.10,3084124,$14.32,$14.40,$14.05
09/08/2020,$14.23,4901863,$14.26,$14.555,$13.69
09/04/2020,$14.40,3929632,$14.52,$14.67,$13.90
09/03/2020,$14.23,3930760,$14.53,$14.78,$14.01
09/02/2020,$14.67,5691182,$14.73,$14.87,$14.41
09/01/2020,$15.09,4123171,$14.64,$15.18,$14.24
08/31/2020,$14.62,4033212,$15.23,$15.23,$14.62
08/28/2020,$15.12,3144918,$15.01,$15.18,$14.8605
08/27/2020,$14.84,3246941,$15.22,$15.33,$14.672
08/26/2020,$15.07,3158480,$15.09,$15.44,$15.02
08/25/2020,$15.05,2363258,$15.12,$15.25,$14.82
08/24/2020,$15.12,3171175,$14.85,$15.13,$14.70
08/21/2020,$14.60,4326712,$14.91,$15.04,$14.515
08/20/2020,$15.19,3140945,$15.04,$15.245,$14.73
08/19/2020,$15.31,7297256,$14.80,$15.945,$14.77
08/18/2020,$14.76,4571125,$14.62,$14.9774,$14.57
08/17/2020,$14.50,2527740,$14.75,$14.90,$14.36
08/14/2020,$14.64,2991556,$14.33,$14.78,$14.18
08/13/2020,$14.48,4135694,$14.75,$15.12,$14.42
08/12/2020,$14.96,3987737,$15.27,$15.415,$14.82
08/11/2020,$14.89,7744457,$16.02,$16.07,$14.83
08/10/2020,$15.57,8087794,$14.86,$16.07,$14.84
08/07/2020,$14.67,6573588,$14.64,$14.84,$14.23
08/06/2020,$14.90,10031560,$14.73,$15.50,$14.3201
08/05/2020,$14.68,9437501,$14.00,$14.8454,$14.00
08/04/2020,$13.67,4871603,$13.61,$13.85,$13.30
08/03/2020,$13.68,5888115,$13.08,$13.78,$12.92
07/31/2020,$13.00,10357410,$12.92,$13.13,$12.48
07/30/2020,$13.18,6616336,$12.83,$13.25,$12.47
07/29/2020,$13.18,4758535,$13.00,$13.36,$12.81
07/28/2020,$12.91,3546374,$12.97,$13.12,$12.80
07/27/2020,$13.24,4692296,$12.81,$13.31,$12.5331
07/24/2020,$12.75,4173960,$12.59,$12.86,$12.30
07/23/2020,$12.71,5684962,$13.02,$13.17,$12.62
07/22/2020,$13.07,4860872,$13.05,$13.385,$13.00
07/21/2020,$13.16,5734469,$12.83,$13.27,$12.81
07/20/2020,$12.72,4678559,$12.90,$13.0924,$12.71
07/17/2020,$13.06,9757629,$13.54,$13.86,$12.78
07/16/2020,$13.49,16696890,$12.81,$13.70,$12.75
07/15/2020,$12.69,11807550,$12.85,$12.97,$12.125
07/14/2020,$12.61,11441060,$11.38,$12.70,$11.24
07/13/2020,$11.51,7871869,$11.53,$11.975,$11.465
07/10/2020,$11.41,7890349,$10.49,$11.42,$10.4314
07/09/2020,$10.52,8074262,$11.03,$11.0606,$10.46
07/08/2020,$11.09,12284000,$12.07,$12.12,$10.89
07/07/2020,$11.23,4613857,$11.23,$11.64,$11.11
07/06/2020,$11.47,7084253,$11.35,$11.5748,$11.02
07/02/2020,$10.97,7515353,$11.26,$11.68,$10.8601
07/01/2020,$10.95,7706527,$11.18,$11.66,$10.90
06/30/2020,$11.24,5798134,$10.84,$11.36,$10.745
06/29/2020,$10.99,7397605,$11.04,$11.19,$10.70
06/26/2020,$10.93,25817580,$11.61,$11.70,$10.87
06/25/2020,$11.83,6728553,$11.01,$11.84,$10.86
06/24/2020,$11.14,7562692,$11.96,$12.04,$10.90
06/23/2020,$12.20,7237304,$12.12,$12.31,$11.93
06/22/2020,$11.83,7827434,$11.42,$11.91,$11.33
06/19/2020,$11.48,8894573,$11.98,$12.00,$11.34
06/18/2020,$11.65,6059734,$11.26,$11.935,$11.1298
06/17/2020,$11.55,6532178,$11.55,$11.81,$11.38
06/16/2020,$11.55,9388165,$12.02,$12.14,$11.38
06/15/2020,$11.41,6956181,$10.90,$11.53,$10.68
06/12/2020,$11.53,10185650,$11.20,$11.62,$11.045
06/11/2020,$10.42,11959430,$10.89,$11.4399,$10.27
06/10/2020,$12.17,8252125,$12.51,$12.61,$11.93
06/09/2020,$12.59,7781523,$12.38,$12.69,$12.07
06/08/2020,$12.98,11247250,$12.70,$13.04,$12.30
06/05/2020,$12.07,18677630,$12.69,$13.86,$11.57
06/04/2020,$11.64,11430610,$10.85,$11.65,$10.575
06/03/2020,$10.77,8568694,$10.20,$10.89,$10.085
06/02/2020,$9.92,6267115,$9.62,$10.04,$9.62
06/01/2020,$9.49,5525222,$9.21,$9.645,$9.15
05/29/2020,$9.21,7942378,$9.28,$9.47,$8.97
05/28/2020,$9.48,15644270,$9.96,$10.67,$9.41
05/27/2020,$9.76,11370360,$9.12,$9.79,$8.925
05/26/2020,$8.76,8563675,$8.70,$8.99,$8.615
05/22/2020,$8.21,4414816,$8.30,$8.3683,$8.02
05/21/2020,$8.28,9117452,$8.26,$8.40,$8.03
05/20/2020,$8.35,10545710,$8.06,$8.4398,$8.055
05/19/2020,$7.74,10589640,$7.80,$8.195,$7.66
05/18/2020,$7.80,12922290,$7.07,$7.875,$7.01
05/15/2020,$6.66,6718477,$6.70,$6.93,$6.62
05/14/2020,$6.81,8896376,$6.74,$7.045,$6.38
05/13/2020,$6.98,8751348,$7.31,$7.34,$6.87
05/12/2020,$7.29,8639747,$7.81,$7.9601,$7.27
05/11/2020,$7.77,8314493,$7.78,$7.91,$7.66
05/08/2020,$8.07,11312880,$7.64,$8.08,$7.48
05/07/2020,$7.49,10984190,$7.84,$8.01,$7.36
05/06/2020,$7.71,6236778,$7.89,$7.94,$7.585
05/05/2020,$7.81,8138913,$8.02,$8.27,$7.72
05/04/2020,$7.80,6870657,$7.52,$7.90,$7.34
05/01/2020,$7.69,9065295,$7.86,$8.17,$7.575
04/30/2020,$8.15,10728630,$8.61,$8.63,$8.06
04/29/2020,$8.67,12389230,$8.15,$8.895,$8.15
04/28/2020,$7.84,12227860,$7.55,$8.11,$7.38
04/27/2020,$7.37,9549425,$7.21,$7.49,$6.99
04/24/2020,$7.15,11296630,$7.29,$7.45,$7.015
04/23/2020,$7.29,20737030,$7.91,$8.08,$7.235
04/22/2020,$7.55,8457907,$7.63,$7.80,$7.33
04/21/2020,$7.32,6156406,$7.10,$7.39,$7.06
04/20/2020,$7.45,7393599,$7.27,$7.8689,$7.26
04/17/2020,$7.59,10114430,$7.25,$7.62,$7.23
04/16/2020,$6.96,7963282,$7.21,$7.40,$6.79
04/15/2020,$7.26,8642557,$7.23,$7.42,$7.01
04/14/2020,$7.72,10641730,$7.87,$8.38,$7.62
04/13/2020,$7.55,9563893,$7.48,$7.75,$7.12
04/09/2020,$7.41,13298830,$7.65,$8.02,$7.22
04/08/2020,$7.26,7510393,$7.17,$7.46,$7.02
04/07/2020,$7.03,16045960,$7.14,$7.75,$6.96
04/06/2020,$6.55,9900312,$6.37,$6.84,$6.25
04/03/2020,$5.97,7951856,$6.05,$6.28,$5.78
04/02/2020,$6.08,10277720,$6.29,$6.685,$5.92
04/01/2020,$6.25,10452220,$5.96,$6.61,$5.71
03/31/2020,$6.16,12501980,$6.16,$6.62,$6.06
03/30/2020,$6.07,9615589,$6.55,$6.60,$6.00
03/27/2020,$6.55,10075440,$6.51,$6.79,$6.05
03/26/2020,$6.84,11935680,$7.27,$7.3863,$6.73
03/25/2020,$7.09,12619260,$7.93,$7.99,$7.01
03/24/2020,$7.27,15142980,$6.24,$7.48,$6.20
03/23/2020,$5.67,7018502,$5.50,$5.945,$5.16
03/20/2020,$5.48,9957204,$6.07,$6.17,$5.43
03/19/2020,$5.83,6174466,$5.76,$6.15,$5.20
03/18/2020,$5.75,9287137,$6.53,$6.68,$5.27
03/17/2020,$7.00,8065675,$7.12,$7.25,$6.61
03/16/2020,$6.82,7319004,$6.94,$7.67,$6.73
03/13/2020,$8.00,7316234,$8.08,$8.35,$7.16
03/12/2020,$7.51,12676870,$8.35,$8.35,$7.24
03/11/2020,$9.20,9451032,$8.85,$9.23,$8.30
03/10/2020,$9.26,10358290,$9.33,$9.42,$8.55
03/09/2020,$8.69,10033960,$9.62,$10.1099,$8.61
03/06/2020,$11.01,10566410,$11.36,$11.77,$10.80
03/05/2020,$11.89,12865880,$12.47,$12.61,$11.675
03/04/2020,$12.88,7371269,$13.17,$13.19,$12.58
03/03/2020,$12.94,10024710,$13.67,$14.04,$12.705
03/02/2020,$13.73,6784807,$14.02,$14.03,$13.11
02/28/2020,$13.87,6827178,$12.84,$13.91,$12.83
02/27/2020,$13.46,7007429,$13.76,$14.11,$13.10
02/26/2020,$14.12,4797497,$14.64,$14.84,$14.11
02/25/2020,$14.50,6280464,$15.48,$15.52,$14.30
02/24/2020,$15.36,5465689,$15.21,$15.42,$14.9783
02/21/2020,$16.10,5528628,$16.01,$16.2992,$15.92
02/20/2020,$16.10,7682007,$16.65,$16.72,$16.07
02/19/2020,$16.70,8725463,$16.04,$16.80,$16.04
02/18/2020,$15.98,3166404,$15.54,$15.98,$15.46
02/14/2020,$15.67,4292120,$15.80,$15.93,$15.42
02/13/2020,$15.75,2810355,$15.56,$15.775,$15.45
02/12/2020,$15.76,3894749,$15.96,$16.205,$15.61
02/11/2020,$15.74,4580466,$15.57,$16.21,$15.54
02/10/2020,$15.42,4009112,$15.31,$15.59,$15.15
02/07/2020,$15.55,5058736,$15.63,$15.70,$15.36
02/06/2020,$15.92,6281612,$16.10,$16.10,$15.6399
02/05/2020,$15.81,8183030,$15.31,$15.89,$15.175
02/04/2020,$14.70,7443209,$14.46,$14.945,$14.24
02/03/2020,$14.24,7227874,$14.01,$14.42,$13.91
01/31/2020,$13.95,9964128,$14.01,$14.24,$13.62
01/30/2020,$14.29,10570750,$14.28,$14.41,$13.81
01/29/2020,$14.50,5281370,$14.83,$14.8744,$14.35
01/28/2020,$14.71,7371948,$15.10,$15.25,$14.65
01/27/2020,$14.87,6596079,$15.01,$15.325,$14.80
01/24/2020,$15.51,7815114,$16.30,$16.32,$15.355
01/23/2020,$16.29,7362856,$16.37,$16.41,$15.9401
01/22/2020,$16.59,12843140,$17.07,$17.12,$16.50
01/21/2020,$17.12,6603348,$17.58,$17.62,$17.10
01/17/2020,$17.69,9067027,$18.06,$18.25,$17.51
01/16/2020,$17.78,22033250,$19.42,$19.61,$17.73
01/15/2020,$20.18,5699400,$20.33,$20.48,$20.045
01/14/2020,$20.37,4225186,$19.73,$20.54,$19.68
01/13/2020,$19.61,6207202,$19.39,$19.86,$19.1502
01/10/2020,$19.45,5061663,$19.90,$19.94,$19.34
01/09/2020,$19.81,5701298,$20.46,$20.52,$19.73
01/08/2020,$20.46,3710929,$21.30,$21.39,$20.40
01/07/2020,$21.32,4988044,$21.06,$21.545,$20.99
01/06/2020,$21.00,3060430,$21.34,$21.45,$20.90
01/03/2020,$21.50,3011847,$21.17,$21.61,$21.15
01/02/2020,$21.42,3062541,$21.86,$21.86,$21.315
12/31/2019,$21.51,2288530,$21.37,$21.67,$21.26
12/30/2019,$21.34,2299382,$21.70,$21.70,$21.30
12/27/2019,$21.58,2454976,$21.41,$21.78,$21.33
12/26/2019,$21.45,4729679,$21.50,$21.70,$21.245
12/24/2019,$21.58,1092171,$21.61,$21.92,$21.47
12/23/2019,$21.48,2263301,$21.30,$21.55,$21.26
12/20/2019,$21.23,5139843,$21.58,$21.65,$20.98
12/19/2019,$21.47,4767363,$21.10,$21.665,$21.00
12/18/2019,$20.95,5129865,$20.60,$21.035,$20.50
12/17/2019,$20.71,3504025,$20.82,$20.945,$20.52
12/16/2019,$20.98,3211811,$20.99,$21.395,$20.88
12/13/2019,$20.69,4334076,$21.42,$21.59,$20.59
12/12/2019,$21.26,3444233,$20.40,$21.34,$20.31
12/11/2019,$20.65,2535426,$20.55,$20.92,$20.46
12/10/2019,$20.65,3177232,$20.22,$20.72,$20.19
12/09/2019,$20.25,5487755,$20.67,$20.81,$20.12
12/06/2019,$20.60,5272687,$20.13,$20.90,$20.06
12/05/2019,$19.87,4067640,$19.86,$20.01,$19.75
12/04/2019,$19.76,4574947,$19.97,$20.15,$19.76
12/03/2019,$19.79,3056912,$19.97,$20.01,$19.52
12/02/2019,$20.33,2592817,$20.47,$20.96,$20.33
11/29/2019,$20.35,1223254,$20.43,$20.47,$20.1583
11/27/2019,$20.60,2293414,$20.29,$20.60,$20.18
11/26/2019,$20.26,2750986,$20.41,$20.51,$20.14
11/25/2019,$20.44,2797486,$20.75,$20.90,$20.40
11/22/2019,$20.56,4425447,$20.39,$20.945,$20.39
11/21/2019,$20.15,2489767,$20.43,$20.70,$20.105
11/20/2019,$20.37,2537931,$20.40,$20.98,$20.23
11/19/2019,$20.57,2341855,$21.03,$21.0317,$20.44
11/18/2019,$20.76,3617833,$20.62,$20.82,$20.00
11/15/2019,$20.89,3304829,$21.00,$21.25,$20.435
11/14/2019,$20.99,2919979,$21.05,$21.40,$20.71
11/13/2019,$21.22,4484076,$21.53,$21.82,$20.98
11/12/2019,$22.18,3105069,$22.33,$23.02,$22.06
11/11/2019,$22.22,3188730,$22.15,$22.31,$21.6838
11/08/2019,$22.53,4687678,$22.38,$22.95,$22.25
11/07/2019,$22.56,4820492,$22.40,$23.065,$22.30
11/06/2019,$21.90,2468014,$22.41,$22.62,$21.89
11/05/2019,$22.59,5241297,$23.20,$23.465,$22.55
11/04/2019,$22.91,3840081,$22.28,$22.985,$22.02
11/01/2019,$21.87,5479169,$21.03,$22.06,$21.00
10/31/2019,$20.79,5483007,$20.94,$21.30,$20.36
10/30/2019,$21.29,3719141,$21.30,$21.345,$20.775
10/29/2019,$21.60,2445585,$21.45,$21.73,$21.05
10/28/2019,$21.52,2828071,$21.22,$21.77,$21.19
10/25/2019,$21.02,5929207,$20.68,$21.20,$20.60
10/24/2019,$20.74,4203898,$21.34,$21.57,$20.445
10/23/2019,$21.28,3167597,$20.81,$21.39,$20.81
10/22/2019,$20.73,4205646,$20.45,$21.03,$19.92
10/21/2019,$20.47,6356577,$21.57,$21.66,$20.45
10/18/2019,$21.54,6209493,$20.66,$21.64,$20.34
10/17/2019,$20.30,9111778,$20.55,$21.63,$20.03
10/16/2019,$19.16,7583571,$19.25,$19.96,$19.16
10/15/2019,$19.46,7580440,$19.11,$19.8133,$18.9606
10/14/2019,$19.17,5807514,$19.02,$19.44,$18.78
10/11/2019,$19.28,6001313,$19.16,$19.50,$18.97
10/10/2019,$18.69,3448930,$18.64,$18.9941,$18.42
10/09/2019,$18.41,3188467,$18.75,$18.82,$18.1863
10/08/2019,$18.49,3549823,$18.90,$19.01,$18.47
10/07/2019,$19.25,2625029,$19.41,$19.775,$19.19
10/04/2019,$19.45,2751359,$19.10,$19.49,$18.94
10/03/2019,$19.05,3509840,$19.13,$19.34,$18.68
10/02/2019,$19.30,3080426,$19.42,$19.55,$18.82
10/01/2019,$19.86,3252310,$20.19,$20.87,$19.70
09/30/2019,$20.07,3282303,$20.53,$20.55,$19.95
09/27/2019,$20.61,3087902,$21.08,$21.23,$20.43
09/26/2019,$20.99,2263116,$21.19,$21.23,$20.59
09/25/2019,$21.50,3353752,$20.48,$21.56,$20.38
09/24/2019,$20.62,3727529,$21.07,$21.44,$20.42
09/23/2019,$21.30,3529661,$20.66,$21.7067,$20.44
09/20/2019,$21.70,5091900,$22.04,$22.0964,$21.50
09/19/2019,$21.94,2994323,$21.30,$22.21,$21.30
09/18/2019,$21.67,4160726,$21.79,$22.00,$21.3689
09/17/2019,$22.03,3663032,$22.00,$22.35,$21.55
09/16/2019,$22.56,2866088,$22.56,$22.87,$22.38
09/13/2019,$22.89,4218917,$22.95,$23.325,$22.70
09/12/2019,$22.56,5143783,$22.03,$22.82,$21.38
09/11/2019,$22.18,6270074,$21.35,$22.28,$20.70
09/10/2019,$20.83,3213843,$20.39,$20.89,$19.85
09/09/2019,$20.30,4241617,$19.27,$20.42,$19.27
09/06/2019,$19.11,2970575,$19.52,$19.64,$18.98
09/05/2019,$19.62,5547297,$18.71,$19.765,$18.70
09/04/2019,$18.28,2574820,$18.02,$18.39,$17.96
09/03/2019,$17.61,2604541,$17.63,$17.70,$17.09
08/30/2019,$17.93,2095399,$17.94,$18.17,$17.71
08/29/2019,$17.80,3069428,$17.32,$17.98,$17.2625
08/28/2019,$17.01,2916655,$16.58,$17.28,$16.46
08/27/2019,$16.73,2376852,$17.31,$17.37,$16.68
08/26/2019,$17.17,3110957,$17.73,$17.73,$17.09
08/23/2019,$17.48,3236669,$17.83,$18.00,$17.31
08/22/2019,$18.05,2999286,$18.46,$18.545,$17.905
08/21/2019,$18.47,3383098,$18.67,$19.01,$18.46
08/20/2019,$18.31,2954053,$18.12,$18.40,$18.0638
08/19/2019,$18.23,3505041,$17.84,$18.37,$17.81
08/16/2019,$17.52,4273197,$17.04,$17.63,$17.04
08/15/2019,$16.92,3973308,$17.60,$17.74,$16.6814
08/14/2019,$17.50,5541490,$18.35,$18.41,$17.50
08/13/2019,$19.11,4429032,$18.50,$19.52,$18.33
08/12/2019,$18.52,3104424,$19.03,$19.05,$18.39
08/09/2019,$19.21,3068448,$19.85,$19.96,$19.1597
08/08/2019,$20.12,2980755,$19.79,$20.24,$19.68
08/07/2019,$19.58,2949029,$19.53,$19.63,$19.15
08/06/2019,$19.89,3781055,$20.22,$20.35,$19.35
08/05/2019,$20.15,3982154,$20.22,$20.2659,$19.54
08/02/2019,$20.71,3516620,$21.15,$21.325,$20.31
08/01/2019,$21.33,4783924,$22.27,$22.45,$21.00
07/31/2019,$22.49,2763826,$23.05,$23.24,$22.42
07/30/2019,$23.04,2865586,$22.90,$23.04,$22.575
07/29/2019,$23.12,2393866,$23.06,$23.57,$22.90
07/26/2019,$23.13,2506673,$22.85,$23.30,$22.63
07/25/2019,$22.85,3893072,$23.48,$23.63,$22.60
07/24/2019,$23.56,2951330,$22.93,$23.60,$22.835
07/23/2019,$22.95,3088480,$23.16,$23.56,$22.86
07/22/2019,$22.98,3719205,$23.18,$23.3901,$22.695
07/19/2019,$23.11,4645461,$23.36,$23.78,$22.87
07/18/2019,$23.41,10698370,$22.90,$24.63,$22.52
07/17/2019,$23.15,3304831,$23.32,$23.37,$22.82
07/16/2019,$23.32,2881522,$23.25,$23.925,$23.09
07/15/2019,$23.17,3320942,$22.78,$23.23,$22.68
07/12/2019,$22.60,2217149,$22.51,$22.81,$22.365
07/11/2019,$22.50,3323593,$22.31,$22.595,$21.98
07/10/2019,$22.61,3424999,$22.46,$22.955,$22.14
07/09/2019,$22.22,4720944,$21.70,$22.25,$21.16
07/08/2019,$22.30,3451253,$22.94,$23.11,$22.21
07/05/2019,$23.13,2291925,$22.25,$23.245,$22.22
07/03/2019,$22.70,3189190,$23.23,$23.44,$22.365
07/02/2019,$23.30,3258978,$22.93,$23.485,$22.6601
07/01/2019,$22.92,3421871,$23.67,$23.85,$22.78
06/28/2019,$23.41,2910116,$23.10,$23.42,$22.85
06/27/2019,$23.13,2625345,$23.28,$23.39,$22.915
06/26/2019,$23.21,2578508,$22.77,$23.385,$22.67
06/25/2019,$22.55,2568314,$22.23,$22.86,$21.95
06/24/2019,$22.22,2198476,$22.53,$22.6925,$22.16
06/21/2019,$22.60,2947678,$22.59,$22.74,$22.18
06/20/2019,$22.51,2519585,$23.06,$23.25,$22.46
06/19/2019,$22.40,2708118,$22.67,$23.03,$22.30
06/18/2019,$22.54,4551096,$22.03,$23.09,$21.68
06/17/2019,$21.65,3228856,$21.53,$21.99,$21.20
06/14/2019,$21.73,3210693,$21.50,$22.14,$21.30
06/13/2019,$21.80,2923801,$21.31,$21.9017,$21.10
06/12/2019,$21.17,2638542,$21.50,$21.64,$21.08
06/11/2019,$21.67,3015195,$22.40,$22.50,$21.66
06/10/2019,$21.58,3989884,$21.59,$22.1128,$21.56
06/07/2019,$21.44,3970859,$21.53,$21.63,$20.92
06/06/2019,$21.57,4244678,$21.45,$21.98,$21.21
06/05/2019,$21.37,5820479,$22.02,$22.05,$21.04
06/04/2019,$21.89,3593527,$21.67,$22.23,$21.48
06/03/2019,$21.51,3181047,$21.05,$21.67,$20.82
05/31/2019,$21.19,2720980,$21.26,$21.37,$21.02
05/30/2019,$21.62,3409992,$22.41,$22.47,$21.50
05/29/2019,$22.46,2260972,$22.23,$22.51,$21.95
05/28/2019,$22.55,3632871,$23.04,$23.12,$22.415
05/24/2019,$23.01,3783350,$23.45,$23.60,$22.97
05/23/2019,$23.24,3338134,$23.90,$23.90,$23.0656
05/22/2019,$24.24,2198802,$24.60,$24.75,$24.04
05/21/2019,$24.74,2769550,$24.29,$24.865,$23.89
05/20/2019,$23.99,3289158,$24.33,$24.88,$23.85
05/17/2019,$24.50,3227229,$24.60,$25.00,$24.35
05/16/2019,$24.98,2237916,$25.13,$25.235,$24.67
05/15/2019,$25.01,2739687,$24.64,$25.14,$24.5327
05/14/2019,$25.01,4318486,$24.79,$25.47,$24.70
05/13/2019,$24.54,4366983,$24.33,$24.65,$23.97
05/10/2019,$25.04,3551071,$24.73,$25.31,$24.27
05/09/2019,$24.81,2633776,$24.40,$24.90,$23.88
05/08/2019,$24.69,3303995,$25.03,$25.43,$24.67
05/07/2019,$25.18,4020345,$25.61,$25.72,$25.00
05/06/2019,$25.91,4081509,$25.95,$26.00,$25.28
05/03/2019,$26.68,3376187,$26.23,$26.83,$26.05
05/02/2019,$25.93,2917145,$25.88,$26.38,$25.719
05/01/2019,$26.00,3682363,$26.70,$27.10,$25.98
04/30/2019,$26.68,3269450,$26.71,$27.02,$26.37
04/29/2019,$26.85,2298604,$26.82,$26.94,$26.48
04/26/2019,$26.91,2256471,$27.05,$27.25,$26.84
04/25/2019,$27.11,3152235,$28.04,$28.04,$27.01
04/24/2019,$28.12,3391187,$28.49,$28.54,$27.75
04/23/2019,$28.53,4782004,$28.08,$28.92,$28.08
04/22/2019,$28.14,6158676,$26.52,$28.24,$26.52
04/18/2019,$26.66,9474532,$27.36,$27.41,$25.71
04/17/2019,$27.72,4997291,$27.98,$28.59,$27.67
04/16/2019,$27.72,4092620,$27.80,$27.96,$27.40
04/15/2019,$27.74,4164220,$28.38,$28.40,$27.57
04/12/2019,$28.29,2748370,$28.90,$29.20,$28.25
04/11/2019,$28.49,3409368,$28.85,$29.11,$28.30
04/10/2019,$29.15,2598120,$29.21,$29.34,$28.88
04/09/2019,$29.10,2355277,$29.38,$29.50,$28.93
04/08/2019,$29.66,2375091,$29.55,$29.73,$29.32
04/05/2019,$29.55,3006575,$29.40,$29.69,$29.09
04/04/2019,$29.29,2654481,$28.60,$29.34,$28.38
04/03/2019,$28.69,4675224,$28.45,$28.87,$28.31
04/02/2019,$28.54,3806588,$29.13,$29.29,$28.18
04/01/2019,$29.46,3879022,$28.68,$29.67,$28.53
03/29/2019,$28.16,3381982,$28.28,$28.80,$28.01
03/28/2019,$27.99,2553095,$28.05,$28.05,$27.385
03/27/2019,$27.91,2495212,$27.90,$27.985,$27.22
03/26/2019,$27.54,4282368,$28.14,$28.50,$27.27
03/25/2019,$28.02,2871042,$28.12,$28.56,$27.77
03/22/2019,$28.12,3308873,$29.10,$29.27,$27.80
03/21/2019,$29.41,3234813,$28.54,$29.53,$28.50
03/20/2019,$28.79,3381769,$28.50,$29.12,$27.69
03/19/2019,$28.62,2459654,$29.03,$29.32,$28.49
03/18/2019,$28.64,3522157,$28.00,$28.86,$27.9267
03/15/2019,$27.84,2936817,$27.87,$28.53,$27.74
03/14/2019,$27.89,3698206,$28.79,$28.84,$27.81
03/13/2019,$28.98,3667881,$28.62,$29.32,$28.56
03/12/2019,$28.44,3111715,$27.73,$28.59,$27.60
03/11/2019,$27.52,3497680,$26.76,$27.57,$26.73
03/08/2019,$26.82,2864038,$26.93,$27.16,$26.51
03/07/2019,$27.36,3102129,$28.16,$28.30,$27.31
03/06/2019,$28.25,2465624,$29.06,$29.155,$28.14
03/05/2019,$29.20,1890770,$29.07,$29.31,$28.76
03/04/2019,$29.16,2683829,$29.91,$29.97,$28.73
03/01/2019,$29.66,2182783,$29.68,$30.20,$29.35
02/28/2019,$29.50,3660462,$31.02,$31.02,$29.33
02/27/2019,$30.98,2878886,$31.07,$31.45,$30.79
02/26/2019,$30.85,3723632,$30.70,$31.27,$30.48
02/25/2019,$30.78,3916992,$30.47,$30.87,$30.39
02/22/2019,$30.17,3196285,$29.88,$30.48,$29.36
02/21/2019,$29.58,3918882,$29.20,$29.90,$29.13
02/20/2019,$29.24,6519485,$28.39,$29.595,$28.3401
02/19/2019,$28.21,3029469,$28.21,$28.40,$28.10
02/15/2019,$28.27,3407560,$28.71,$28.93,$28.20
02/14/2019,$28.20,3195951,$28.73,$28.75,$28.15
02/13/2019,$29.05,4566789,$28.81,$29.55,$28.70
02/12/2019,$28.40,3021376,$28.33,$28.69,$27.95
02/11/2019,$27.97,3448110,$27.55,$28.12,$27.26
02/08/2019,$27.65,4784585,$27.12,$27.68,$26.51
02/07/2019,$27.29,4950633,$28.38,$28.49,$27.0616
02/06/2019,$28.55,2922036,$29.01,$29.30,$28.51
02/05/2019,$29.07,2749604,$29.00,$29.4969,$28.91
02/04/2019,$29.09,2337192,$28.43,$29.19,$28.351
02/01/2019,$28.60,5040861,$29.70,$30.0699,$28.27
01/31/2019,$29.68,6466766,$29.28,$30.265,$29.15
01/30/2019,$29.59,6502342,$29.10,$29.82,$28.67
01/29/2019,$28.75,3565631,$28.27,$29.565,$28.1625
01/28/2019,$27.98,3536774,$28.74,$28.83,$27.81
01/25/2019,$29.02,6607496,$28.42,$29.515,$28.16
01/24/2019,$27.96,3021520,$28.15,$28.53,$27.6599
01/23/2019,$28.30,4392905,$28.15,$28.66,$27.845
01/22/2019,$27.81,5026692,$29.00,$29.00,$27.53
01/18/2019,$29.27,6599097,$29.92,$30.10,$29.10
01/17/2019,$29.59,12073060,$28.21,$30.28,$27.51
01/16/2019,$28.98,9162910,$29.19,$29.33,$28.16
01/15/2019,$28.90,3764514,$28.94,$29.47,$28.5867
01/14/2019,$28.79,4031362,$29.06,$29.17,$27.89
01/11/2019,$28.55,3838416,$28.72,$28.88,$27.96
01/10/2019,$28.98,2351554,$28.69,$29.01,$28.48
01/09/2019,$29.10,2372393,$28.60,$29.28,$28.24
01/08/2019,$28.25,2215650,$28.73,$28.8467,$27.65
01/07/2019,$28.42,2404250,$28.53,$28.91,$28.1456
01/04/2019,$28.34,5653259,$26.84,$28.61,$26.65
01/03/2019,$26.24,2947247,$26.12,$26.85,$25.53
01/02/2019,$26.24,3065185,$25.955,$26.847,$25.48
12/31/2018,$26.58,2400623,$26.75,$27.07,$25.95
12/28/2018,$26.60,3010385,$27.09,$27.265,$26.24
12/27/2018,$27.16,2973152,$26.41,$27.16,$25.7876
12/26/2018,$27.14,3216797,$25.31,$27.20,$25.01
12/24/2018,$25.15,1926924,$26.27,$26.27,$25.08
12/21/2018,$26.39,4323111,$27.33,$27.43,$26.19
12/20/2018,$27.33,4900910,$27.66,$27.78,$26.29
12/19/2018,$27.61,4941617,$28.32,$29.43,$27.04
12/18/2018,$28.24,2106767,$28.12,$28.66,$28.09
12/17/2018,$28.11,2185989,$28.50,$29.02,$27.835
12/14/2018,$28.61,3358875,$28.51,$29.59,$28.41
12/13/2018,$29.10,2557680,$29.27,$29.3127,$28.52
12/12/2018,$29.24,3116359,$28.89,$29.99,$28.82
12/11/2018,$28.43,2490507,$29.16,$29.44,$28.33
12/10/2018,$28.32,2915624,$28.64,$29.14,$27.85
12/07/2018,$28.82,3381900,$30.15,$30.21,$28.6796
12/06/2018,$29.65,4242243,$29.66,$29.68,$28.12
12/04/2018,$30.40,3012440,$32.11,$32.19,$30.27
12/03/2018,$32.05,2946206,$32.90,$33.4691,$31.78
11/30/2018,$31.81,5353760,$31.04,$32.46,$30.9419
11/29/2018,$30.99,8079014,$33.45,$33.48,$30.979
11/28/2018,$33.60,5636661,$31.35,$34.17,$30.96
11/27/2018,$31.19,2960987,$32.14,$32.35,$30.95
11/26/2018,$32.57,2282400,$32.40,$32.86,$32.01
11/23/2018,$32.31,1346631,$32.05,$32.58,$31.63
11/21/2018,$32.80,1697161,$33.20,$33.39,$32.71
11/20/2018,$32.68,2938281,$32.42,$33.20,$31.98
11/19/2018,$33.49,4592325,$35.81,$35.995,$32.25
11/16/2018,$35.95,3092050,$35.85,$36.72,$35.7201
11/15/2018,$35.94,2535129,$35.09,$36.16,$34.80
11/14/2018,$35.15,2872927,$34.91,$35.60,$34.25
11/13/2018,$34.72,4016944,$33.69,$35.36,$33.26
11/12/2018,$33.73,2422413,$34.22,$34.57,$33.48
11/09/2018,$34.36,4277867,$35.97,$36.15,$33.82
11/08/2018,$36.38,3763942,$36.86,$37.94,$36.16
11/07/2018,$36.83,3266911,$36.74,$37.33,$36.12
11/06/2018,$36.19,2417645,$36.10,$36.58,$35.68
11/05/2018,$36.60,1774655,$36.84,$37.1655,$36.381
11/02/2018,$36.93,2681248,$37.00,$37.69,$36.41
11/01/2018,$36.78,2754073,$35.44,$36.88,$35.24
10/31/2018,$34.99,3379937,$34.82,$35.8214,$34.60
10/30/2018,$34.15,2193446,$33.65,$34.48,$33.4132
10/29/2018,$33.82,2219637,$34.60,$35.12,$33.40
10/26/2018,$34.25,3944712,$33.84,$34.99,$33.08
10/25/2018,$34.56,3180041,$34.56,$35.19,$33.8801
10/24/2018,$34.20,4893200,$37.12,$37.35,$34.04
10/23/2018,$37.32,3190820,$38.87,$38.97,$37.07
10/22/2018,$39.46,3140107,$38.72,$39.76,$38.64
10/19/2018,$38.60,5018176,$38.90,$39.15,$37.90
10/18/2018,$38.85,13824750,$38.61,$40.68,$38.60
10/17/2018,$36.70,7233862,$36.38,$36.71,$35.56
10/16/2018,$36.19,2685152,$35.48,$36.295,$35.30
10/15/2018,$35.34,2439871,$35.47,$35.88,$35.31
10/12/2018,$35.67,2848051,$36.39,$36.55,$35.59
10/11/2018,$35.67,3488967,$35.80,$36.22,$35.13
10/10/2018,$36.06,4373251,$37.31,$37.45,$35.97
10/09/2018,$37.64,5161345,$38.48,$38.73,$37.405
10/08/2018,$38.74,7459561,$41.00,$41.01,$38.27
10/05/2018,$42.06,4313991,$42.64,$42.65,$41.60
10/04/2018,$43.11,6418664,$43.35,$43.73,$42.53
10/03/2018,$42.89,14415580,$44.70,$45.45,$42.51
10/02/2018,$41.56,4545413,$40.96,$41.86,$40.86
10/01/2018,$40.86,3623665,$40.75,$40.96,$39.88
09/28/2018,$40.40,3755732,$40.54,$41.355,$40.24
09/27/2018,$40.50,2831530,$40.38,$40.81,$40.08
09/26/2018,$40.48,7849596,$41.30,$41.30,$39.58
09/25/2018,$41.24,5043221,$41.65,$41.94,$40.60
09/24/2018,$41.96,4053670,$43.01,$43.69,$41.91
09/21/2018,$43.79,4847975,$43.36,$44.00,$42.92
09/20/2018,$42.93,3985277,$43.39,$43.58,$42.38
09/19/2018,$42.63,3010264,$43.05,$43.12,$42.13
09/18/2018,$43.12,2699093,$43.49,$43.80,$42.73
09/17/2018,$42.83,2999566,$42.50,$43.50,$42.50
09/14/2018,$42.79,2730147,$41.81,$42.91,$41.81
09/13/2018,$41.77,2598010,$42.51,$42.88,$41.56
09/12/2018,$42.02,4466854,$41.31,$42.04,$40.32
09/11/2018,$40.87,3718663,$41.19,$41.385,$40.5662
09/10/2018,$42.01,3388896,$42.09,$42.69,$41.64
09/07/2018,$41.00,5305166,$40.50,$41.8223,$40.10
09/06/2018,$40.36,6536395,$42.90,$42.93,$40.12
09/05/2018,$42.87,3340740,$43.17,$43.2263,$41.63
09/04/2018,$43.36,2028607,$43.88,$43.919,$43.10
08/31/2018,$44.67,2028545,$44.10,$45.04,$44.04
08/30/2018,$44.37,3083288,$44.99,$45.17,$44.305
08/29/2018,$45.13,2554082,$44.12,$45.47,$44.04
08/28/2018,$44.25,3831852,$44.49,$45.65,$44.00
08/27/2018,$43.87,2357678,$43.41,$44.35,$43.41
08/24/2018,$43.44,4629411,$42.71,$43.53,$42.18
08/23/2018,$42.02,2803581,$42.50,$42.73,$41.89
08/22/2018,$43.22,2037865,$43.20,$43.79,$43.12
08/21/2018,$43.03,3094543,$41.88,$43.22,$41.88
08/20/2018,$41.83,2730465,$42.57,$42.87,$41.71
08/17/2018,$42.03,2264760,$41.42,$42.24,$41.09
08/16/2018,$41.45,3398811,$41.25,$42.24,$41.25
08/15/2018,$40.88,5390624,$43.18,$43.37,$40.69
08/14/2018,$44.13,2678056,$44.36,$44.5599,$43.76
08/13/2018,$44.45,3616351,$44.95,$44.95,$44.01
08/10/2018,$44.98,7606928,$42.45,$45.17,$42.05
08/09/2018,$42.99,3058372,$44.27,$44.40,$42.81
08/08/2018,$43.70,6489174,$42.00,$44.32,$41.945
08/07/2018,$41.97,2886017,$43.21,$43.40,$41.90
08/06/2018,$42.72,3129714,$42.53,$42.98,$42.21
08/03/2018,$42.72,2101747,$42.54,$43.30,$42.31
08/02/2018,$42.48,2571636,$41.63,$42.75,$41.46
08/01/2018,$42.04,3886443,$43.01,$43.01,$41.90
07/31/2018,$43.27,2522841,$42.68,$43.61,$42.6552
07/30/2018,$42.58,2703086,$43.38,$43.68,$42.32
07/27/2018,$43.22,3978623,$42.86,$43.48,$42.3633
07/26/2018,$42.82,3022107,$42.70,$43.46,$42.05
07/25/2018,$43.11,5533941,$42.10,$43.245,$41.645
07/24/2018,$42.49,8243803,$42.35,$43.10,$42.00
07/23/2018,$41.33,7708508,$40.86,$41.82,$40.08
07/20/2018,$40.32,9850124,$41.53,$41.55,$40.03
07/19/2018,$41.56,19902440,$45.75,$46.30,$41.0249
07/18/2018,$47.96,3912346,$47.98,$48.75,$47.32
07/17/2018,$48.02,2201830,$47.40,$48.29,$47.395
07/16/2018,$47.41,2694824,$47.54,$48.08,$46.76
07/13/2018,$47.26,1350412,$47.68,$47.85,$47.02
07/12/2018,$47.40,1893837,$48.10,$48.2873,$47.15
07/11/2018,$48.06,2846693,$46.91,$48.30,$46.59
07/10/2018,$47.89,2231952,$48.05,$48.87,$47.5179
07/09/2018,$48.29,2369703,$47.94,$48.56,$47.57
07/06/2018,$47.14,2183835,$46.49,$47.245,$46.02
07/05/2018,$46.88,2250792,$46.26,$47.50,$46.17
07/03/2018,$45.80,1251283,$46.34,$46.90,$45.51
07/02/2018,$45.88,2150614,$46.46,$47.29,$45.49
06/29/2018,$46.88,2905666,$46.19,$47.32,$46.0875
06/28/2018,$46.47,2272953,$45.23,$46.68,$45.0738
06/27/2018,$45.74,2468646,$45.68,$47.05,$45.47
06/26/2018,$45.80,3918181,$44.51,$45.96,$44.08
06/25/2018,$44.26,2281908,$45.13,$45.13,$43.59
06/22/2018,$45.56,3382921,$45.45,$45.78,$45.26
06/21/2018,$44.81,2251182,$45.01,$45.429,$44.57
06/20/2018,$45.27,2160543,$44.88,$45.43,$44.33
06/19/2018,$44.47,3190095,$44.63,$44.63,$43.35
06/18/2018,$45.78,2314170,$45.01,$45.87,$45.00
06/15/2018,$45.34,4961879,$47.40,$47.40,$45.03
06/14/2018,$47.84,2167992,$48.44,$48.645,$47.64
06/13/2018,$48.35,1717125,$49.34,$49.49,$48.28
06/12/2018,$49.29,1561891,$49.98,$50.13,$49.11
06/11/2018,$49.92,3449860,$48.50,$50.59,$48.18
06/08/2018,$48.52,2299210,$49.01,$49.49,$48.44
06/07/2018,$49.19,2513855,$50.04,$50.12,$48.5422
06/06/2018,$50.13,2872991,$49.89,$50.19,$49.17
06/05/2018,$49.45,2433940,$48.62,$49.50,$48.42
06/04/2018,$48.46,2229454,$48.13,$48.82,$48.13
06/01/2018,$47.64,2442052,$48.39,$48.62,$47.47
05/31/2018,$48.07,4016601,$49.98,$50.43,$47.81
05/30/2018,$48.54,1676106,$48.11,$48.66,$47.50
05/29/2018,$47.30,1972024,$47.57,$47.95,$46.82
05/25/2018,$47.93,3553417,$48.74,$48.825,$47.66
05/24/2018,$49.15,1417411,$48.62,$49.44,$48.55
05/23/2018,$48.57,2275202,$49.26,$49.38,$48.31
05/22/2018,$49.69,2548230,$50.68,$50.90,$49.60
05/21/2018,$50.37,1683660,$51.20,$51.20,$50.15
05/18/2018,$50.83,2581463,$50.53,$51.05,$50.35
05/17/2018,$50.71,2887031,$49.83,$51.09,$49.83
05/16/2018,$50.19,4462516,$50.54,$50.675,$49.54
05/15/2018,$50.54,6215420,$51.79,$51.95,$50.40
05/14/2018,$52.33,3731675,$54.38,$54.515,$51.92
05/11/2018,$53.96,3978456,$53.79,$54.25,$53.37
05/10/2018,$53.79,3311320,$53.40,$54.01,$53.09
05/09/2018,$53.49,3647507,$53.72,$54.13,$53.18
05/08/2018,$53.76,2743522,$54.26,$54.65,$53.44
05/07/2018,$54.55,3076918,$54.80,$55.38,$54.32
05/04/2018,$54.39,2571444,$53.04,$54.46,$52.65
05/03/2018,$53.28,3666176,$52.83,$53.76,$52.6342
05/02/2018,$53.07,3375510,$52.45,$53.50,$52.21
05/01/2018,$51.99,2525905,$51.04,$52.43,$50.11
04/30/2018,$51.20,2749330,$51.40,$51.8698,$51.05
04/27/2018,$51.60,4355201,$52.56,$52.99,$51.10
04/26/2018,$52.94,5827893,$54.25,$55.08,$52.4005
04/25/2018,$51.95,4760178,$50.59,$52.43,$49.97
04/24/2018,$50.82,7051065,$51.47,$52.20,$49.90
04/23/2018,$51.90,13120900,$54.56,$54.91,$51.50
04/20/2018,$60.01,7635033,$59.82,$60.14,$57.49
04/19/2018,$60.23,11723750,$60.54,$62.35,$59.56
04/18/2018,$59.40,8628015,$58.26,$60.28,$57.25
04/17/2018,$57.08,6072238,$55.37,$57.4875,$54.76
04/16/2018,$55.03,5571978,$55.55,$56.50,$54.405
04/13/2018,$54.96,2684509,$54.95,$55.38,$54.27
04/12/2018,$54.47,5672677,$53.70,$55.3323,$53.17
04/11/2018,$53.97,5136405,$53.80,$54.89,$52.65
04/10/2018,$54.08,8951952,$51.80,$55.18,$51.65
04/09/2018,$50.62,6803109,$49.78,$52.02,$49.32
04/06/2018,$48.05,4066442,$47.18,$48.74,$47.10
04/05/2018,$47.61,2978105,$47.20,$48.73,$47.15
04/04/2018,$46.92,3556215,$44.40,$47.07,$44.21
04/03/2018,$45.35,2898898,$44.63,$45.90,$44.63
04/02/2018,$44.34,2139615,$44.86,$46.12,$43.80
03/29/2018,$44.96,2279133,$44.74,$45.6629,$44.50
03/28/2018,$44.42,1650742,$44.51,$44.92,$43.6864
03/27/2018,$44.90,2900797,$46.25,$46.49,$44.635
03/26/2018,$45.77,5180354,$45.26,$46.53,$44.2698
03/23/2018,$44.71,3256159,$45.17,$46.00,$44.60
03/22/2018,$44.92,4350575,$47.40,$48.089,$44.86
03/21/2018,$47.95,2129819,$46.42,$48.0615,$46.31
03/20/2018,$46.47,1515361,$46.37,$47.06,$46.05
03/19/2018,$46.36,2509146,$47.03,$47.68,$45.76
03/16/2018,$47.23,3129509,$46.80,$47.9186,$46.74
03/15/2018,$46.93,3007686,$46.45,$47.13,$45.71
03/14/2018,$46.57,4117051,$49.09,$49.43,$46.21
03/13/2018,$48.59,2745302,$48.43,$49.85,$48.43
03/12/2018,$48.36,1495640,$48.01,$48.6799,$47.91
03/09/2018,$47.86,2768898,$48.05,$48.59,$47.23
03/08/2018,$47.47,3255594,$47.88,$48.73,$46.545
03/07/2018,$47.88,3654059,$46.60,$48.26,$46.4006
03/06/2018,$46.99,4425486,$46.19,$47.52,$46.03
03/05/2018,$45.65,4587749,$45.18,$46.46,$44.85
03/02/2018,$45.54,3707749,$44.72,$46.18,$44.14
03/01/2018,$45.07,6500013,$45.93,$46.44,$44.58
02/28/2018,$44.97,2836269,$46.25,$46.84,$44.94
02/27/2018,$46.22,3246270,$46.50,$47.17,$45.657
02/26/2018,$46.68,3562019,$47.42,$47.58,$46.14
02/23/2018,$46.70,3097262,$48.06,$48.14,$46.5841
02/22/2018,$48.01,4218821,$48.01,$48.40,$46.83
02/21/2018,$47.55,3194596,$48.21,$48.95,$47.23
02/20/2018,$48.07,4589494,$46.84,$48.7399,$46.76
02/16/2018,$47.36,8396506,$47.50,$50.18,$46.52
02/15/2018,$47.57,5107810,$48.99,$48.99,$46.1901
02/14/2018,$48.54,2431559,$46.71,$48.65,$46.52
02/13/2018,$47.30,2810881,$46.39,$47.98,$46.12
02/12/2018,$46.65,3495927,$46.05,$47.13,$45.77
02/09/2018,$45.92,4579584,$46.54,$47.06,$44.15
02/08/2018,$45.98,3896943,$47.81,$48.24,$45.53
02/07/2018,$47.70,3176315,$49.23,$49.42,$47.67
02/06/2018,$49.43,3161907,$47.44,$50.20,$47.28
02/05/2018,$48.46,3864806,$48.61,$50.75,$47.80
02/02/2018,$49.09,6059031,$52.00,$52.00,$49.00
02/01/2018,$52.42,3175832,$51.41,$52.50,$51.27
01/31/2018,$52.02,4470151,$52.75,$53.36,$51.25
01/30/2018,$52.52,3649089,$53.67,$53.97,$52.52
01/29/2018,$54.49,4631165,$53.89,$54.6299,$53.52
01/26/2018,$54.00,2746124,$53.55,$54.40,$53.28
01/25/2018,$53.11,3761240,$53.74,$53.89,$52.72
01/24/2018,$53.30,2521375,$52.90,$53.8525,$52.39
01/23/2018,$52.49,4887894,$52.34,$52.90,$51.73
01/22/2018,$52.94,4213564,$52.80,$53.90,$52.261
01/19/2018,$53.10,5759369,$52.86,$53.68,$52.55
01/18/2018,$53.00,19509840,$53.67,$53.87,$51.72
01/17/2018,$56.99,8087462,$56.03,$57.0399,$55.58
01/16/2018,$56.24,3868708,$56.09,$57.04,$55.46
01/12/2018,$56.76,4216639,$57.05,$57.50,$56.11
01/11/2018,$56.91,2742680,$56.60,$57.13,$55.87
01/10/2018,$56.17,5056024,$54.37,$56.26,$54.23
01/09/2018,$54.20,3533011,$55.00,$55.08,$54.00
01/08/2018,$55.00,5028103,$53.96,$56.15,$53.66
01/05/2018,$54.09,3371375,$54.65,$54.66,$53.41
01/04/2018,$54.70,3555132,$54.81,$55.43,$54.075
01/03/2018,$54.50,4099473,$54.92,$55.15,$52.96
01/02/2018,$55.17,2929046,$54.06,$55.22,$53.91
12/29/2017,$53.87,5171941,$54.00,$54.61,$53.52
12/28/2017,$54.14,5701148,$52.05,$54.20,$52.021
12/27/2017,$51.84,2960327,$50.55,$51.93,$50.20
12/26/2017,$50.38,2750809,$49.98,$50.50,$49.21
12/22/2017,$49.99,2428151,$49.27,$50.04,$48.81
12/21/2017,$48.99,3055691,$49.285,$49.68,$48.77
12/20/2017,$49.26,7163311,$48.20,$49.67,$47.6287
12/19/2017,$46.52,5960336,$44.67,$46.54,$44.66
12/18/2017,$44.57,3174921,$42.81,$44.69,$42.76
12/15/2017,$42.61,4536769,$42.80,$43.14,$42.28
12/14/2017,$42.35,3684385,$42.00,$42.375,$41.96
12/13/2017,$41.86,4146333,$42.45,$42.57,$41.715
12/12/2017,$42.40,3421527,$42.39,$42.88,$42.185
12/11/2017,$42.24,4053147,$41.54,$42.98,$41.54
12/08/2017,$41.40,3696876,$41.00,$41.77,$40.90
12/07/2017,$40.60,3426852,$41.13,$41.19,$40.27
12/06/2017,$41.31,5437962,$40.80,$41.49,$40.30
12/05/2017,$41.18,2855505,$41.37,$41.86,$40.95
12/04/2017,$41.79,2709852,$41.87,$42.60,$41.50
12/01/2017,$41.64,3750947,$41.82,$42.30,$40.521
11/30/2017,$41.51,4407431,$41.50,$42.16,$41.13
11/29/2017,$41.24,4938671,$42.19,$42.32,$40.80
11/28/2017,$43.30,8603230,$41.81,$43.75,$41.2099
11/27/2017,$42.04,3091759,$42.15,$42.42,$41.49
11/24/2017,$42.21,1306136,$42.80,$42.90,$42.09
11/22/2017,$42.64,3254579,$41.84,$42.68,$41.775
11/21/2017,$41.39,6257375,$42.73,$42.73,$40.22
11/20/2017,$42.21,4846234,$42.29,$42.55,$41.75
11/17/2017,$43.40,3569102,$42.00,$43.60,$42.00
11/16/2017,$42.30,3350714,$42.68,$43.08,$42.06
11/15/2017,$42.21,4733935,$41.27,$42.37,$40.73
11/14/2017,$41.87,8095739,$42.90,$42.90,$40.62
11/13/2017,$43.13,3167578,$42.70,$43.87,$42.55
11/10/2017,$43.01,4463839,$42.93,$44.46,$42.75
11/09/2017,$43.33,7671810,$44.71,$44.71,$43.11
11/08/2017,$45.89,3347930,$46.73,$46.77,$45.37
11/07/2017,$46.97,2168351,$47.11,$47.2042,$46.54
11/06/2017,$47.29,1725638,$47.20,$47.68,$46.53
11/03/2017,$47.12,1838986,$47.25,$47.43,$46.71
11/02/2017,$47.46,2059018,$47.68,$47.7671,$47.07
11/01/2017,$47.70,3174957,$48.91,$49.27,$47.45
10/31/2017,$47.78,2721478,$47.15,$48.07,$46.38
10/30/2017,$47.42,2072089,$47.75,$48.38,$47.37
10/27/2017,$47.91,3870215,$47.835,$48.25,$47.01
10/26/2017,$49.15,3468320,$49.52,$49.73,$48.52
10/25/2017,$49.52,3247954,$49.73,$49.8799,$48.51
10/24/2017,$50.08,6702121,$48.13,$50.31,$48.06
10/23/2017,$47.93,4019735,$48.04,$48.56,$47.83
10/20/2017,$47.93,4208611,$47.13,$48.13,$47.06
10/19/2017,$46.54,6033117,$46.50,$47.74,$46.01
10/18/2017,$47.75,4684168,$47.38,$47.84,$46.51
10/17/2017,$47.77,3957474,$48.65,$48.72,$47.42
10/16/2017,$48.24,4679857,$48.00,$48.93,$47.48
10/13/2017,$47.71,3275869,$48.32,$48.6299,$47.60
10/12/2017,$47.53,3027481,$46.95,$47.77,$46.80
10/11/2017,$46.94,2727964,$46.72,$47.00,$46.21
10/10/2017,$46.89,3578577,$47.28,$47.45,$46.58
10/09/2017,$47.07,2235684,$47.63,$47.72,$46.58
10/06/2017,$47.49,3963449,$47.89,$47.89,$47.30
10/05/2017,$48.25,3191580,$48.08,$48.7293,$47.65
10/04/2017,$47.91,4124246,$48.27,$49.30,$47.75
10/03/2017,$48.31,3309404,$47.97,$48.33,$47.44
10/02/2017,$47.65,4042323,$46.43,$48.03,$46.41
09/29/2017,$46.62,3823904,$46.45,$47.00,$45.90
09/28/2017,$46.08,5282162,$45.07,$46.46,$44.81
09/27/2017,$45.07,2391140,$45.28,$45.56,$44.48
09/26/2017,$44.74,4539029,$45.11,$45.52,$44.72
09/25/2017,$45.29,3071297,$45.33,$45.70,$44.62
09/22/2017,$45.38,3224564,$45.31,$45.78,$44.67
09/21/2017,$46.25,3695461,$47.11,$47.25,$45.97
09/20/2017,$47.50,5970651,$46.98,$47.95,$46.53
09/19/2017,$46.20,4854488,$45.22,$46.44,$44.86
09/18/2017,$44.91,3224782,$44.80,$45.09,$44.66
09/15/2017,$44.65,5394408,$44.76,$45.09,$44.22
09/14/2017,$44.80,4450462,$44.48,$45.00,$43.75
09/13/2017,$44.91,3368401,$44.61,$45.07,$44.36
09/12/2017,$45.00,4826836,$44.59,$45.20,$44.33
09/11/2017,$43.60,4174996,$43.25,$44.49,$43.13
09/08/2017,$42.61,7297467,$44.37,$44.37,$42.24
09/07/2017,$44.73,3326446,$44.16,$44.90,$44.0401
09/06/2017,$44.43,3419629,$44.40,$44.50,$43.30
09/05/2017,$44.42,5223391,$45.08,$45.12,$43.70
09/01/2017,$45.04,3375975,$44.21,$45.22,$44.13
08/31/2017,$43.88,4181440,$43.67,$44.00,$43.18
08/30/2017,$43.09,5537771,$43.23,$44.10,$42.991
08/29/2017,$43.00,3982049,$41.66,$43.18,$41.38
08/28/2017,$42.17,2681972,$41.43,$42.26,$41.05
08/25/2017,$41.21,2730416,$41.68,$41.80,$40.84
08/24/2017,$41.34,3189197,$40.88,$41.55,$40.56
08/23/2017,$41.06,4823468,$39.56,$41.44,$39.45
08/22/2017,$39.77,3867097,$38.74,$40.1299,$38.73
08/21/2017,$38.47,2334799,$38.19,$38.66,$38.05
08/18/2017,$37.76,2115171,$37.88,$38.21,$37.34
08/17/2017,$37.80,3295849,$39.00,$39.00,$37.75
08/16/2017,$39.23,4296789,$37.96,$39.33,$37.9101
08/15/2017,$37.50,1826553,$37.30,$37.98,$37.14
08/14/2017,$37.19,2129460,$38.11,$38.1584,$37.1247
08/11/2017,$37.78,2974324,$37.21,$37.91,$36.93
08/10/2017,$37.78,3515825,$38.12,$38.78,$37.715
08/09/2017,$38.62,3729227,$39.21,$39.45,$38.40
08/08/2017,$39.58,8781064,$38.50,$40.3621,$38.36
08/07/2017,$37.99,4919803,$38.00,$38.47,$37.61
08/04/2017,$37.42,2287400,$37.34,$37.50,$36.73
08/03/2017,$37.09,2884639,$37.28,$37.60,$36.94
08/02/2017,$37.28,2965022,$36.27,$37.33,$36.20
08/01/2017,$36.38,1939164,$36.46,$36.74,$35.91
07/31/2017,$36.40,2145720,$35.97,$36.44,$35.665
07/28/2017,$35.64,2851126,$36.17,$36.32,$35.54
07/27/2017,$36.36,2044059,$36.84,$37.07,$36.085
07/26/2017,$36.63,3450979,$37.42,$37.61,$36.56
07/25/2017,$37.30,3422670,$37.07,$37.38,$36.865
07/24/2017,$36.69,2244773,$36.59,$36.88,$36.51
07/21/2017,$36.62,2526923,$36.55,$36.8585,$36.5055
07/20/2017,$36.72,4761937,$35.95,$37.31,$35.95
07/19/2017,$36.50,4505206,$36.61,$36.62,$36.07
07/18/2017,$36.43,3052362,$36.40,$36.48,$35.80
07/17/2017,$36.40,3454078,$36.44,$36.69,$36.205
07/14/2017,$36.32,4216600,$36.20,$36.44,$35.98
07/13/2017,$36.01,5301175,$35.45,$36.38,$35.43
07/12/2017,$34.60,4334442,$35.25,$35.47,$34.44
07/11/2017,$35.00,4244668,$34.22,$35.08,$33.99
07/10/2017,$34.14,3036349,$33.91,$34.45,$33.68
07/07/2017,$34.19,3775650,$34.00,$34.37,$33.265
07/06/2017,$33.89,6221440,$33.61,$35.38,$33.60
07/05/2017,$33.77,4006801,$34.17,$34.255,$33.57
07/03/2017,$34.02,3114295,$32.94,$34.30,$32.915
06/30/2017,$32.65,3031674,$33.16,$33.45,$32.535
06/29/2017,$33.18,3839523,$33.11,$33.34,$32.61
06/28/2017,$32.95,3768854,$32.10,$33.00,$31.93
06/27/2017,$31.63,5464018,$31.60,$32.50,$31.49
06/26/2017,$31.18,2936282,$31.19,$31.295,$30.65
06/23/2017,$31.09,6410918,$30.13,$31.43,$29.79
06/22/2017,$29.80,2906662,$29.81,$30.25,$29.66
06/21/2017,$29.69,3488902,$30.59,$30.59,$29.6346
06/20/2017,$30.45,2567582,$30.69,$31.095,$30.41
06/19/2017,$30.89,3909182,$30.37,$31.30,$30.16
06/16/2017,$30.00,4751776,$30.80,$30.8625,$29.55
06/15/2017,$30.74,3226913,$31.12,$31.45,$30.61
06/14/2017,$31.54,3715184,$32.57,$32.68,$31.21
06/13/2017,$32.48,2997123,$31.97,$32.548,$31.55
06/12/2017,$31.78,4718559,$32.82,$33.21,$31.63
06/09/2017,$33.01,3064896,$33.64,$34.00,$32.85
06/08/2017,$33.50,3286543,$32.60,$33.65,$32.59
06/07/2017,$32.82,3330688,$33.15,$33.17,$32.40
06/06/2017,$32.94,2295347,$33.11,$33.49,$32.78
06/05/2017,$33.32,2604974,$32.65,$33.58,$32.65
06/02/2017,$32.86,2639669,$32.39,$33.00,$32.35
06/01/2017,$32.94,2372191,$32.84,$33.45,$32.45
05/31/2017,$32.94,4521155,$32.88,$33.05,$31.76
05/30/2017,$32.99,3222450,$33.03,$33.16,$32.53
05/26/2017,$33.27,2410586,$32.87,$33.36,$32.87
05/25/2017,$33.09,2324567,$33.68,$34.09,$33.03
05/24/2017,$33.51,3348172,$33.27,$33.92,$33.045
05/23/2017,$33.26,2949106,$32.98,$33.36,$32.56
05/22/2017,$32.96,3456229,$32.65,$33.20,$32.47
05/19/2017,$32.29,2619390,$32.16,$32.88,$32.10
05/18/2017,$31.92,2396771,$31.45,$32.17,$31.10
05/17/2017,$31.63,3710414,$31.88,$32.22,$31.58
05/16/2017,$32.16,2993429,$32.10,$32.40,$31.75
05/15/2017,$32.03,2383965,$32.17,$32.50,$31.97
05/12/2017,$31.79,3380686,$31.00,$32.13,$30.96
05/11/2017,$31.16,4109349,$31.23,$31.31,$30.45
05/10/2017,$31.08,3486751,$30.95,$31.46,$30.70
05/09/2017,$30.82,3415094,$31.22,$31.24,$30.46
05/08/2017,$31.02,3781132,$31.37,$31.37,$30.66
05/05/2017,$31.82,4260932,$31.35,$31.96,$31.05
05/04/2017,$31.04,7907714,$31.22,$31.36,$30.42
05/03/2017,$31.69,7329832,$32.90,$32.90,$31.51
05/02/2017,$33.33,3883018,$33.31,$34.33,$33.30
05/01/2017,$33.28,4984180,$33.95,$34.13,$32.90
04/28/2017,$33.73,5239658,$34.81,$34.945,$33.68
04/27/2017,$34.52,14772950,$35.75,$35.90,$34.155
04/26/2017,$36.45,7521341,$36.00,$37.20,$35.85
04/25/2017,$36.49,11200690,$34.23,$36.55,$34.23
04/24/2017,$33.31,7858471,$32.24,$33.44,$32.15
04/21/2017,$31.70,5043228,$32.20,$32.55,$31.65
04/20/2017,$32.04,5429544,$31.89,$32.30,$31.46
04/19/2017,$31.30,2464229,$32.18,$32.44,$31.28
04/18/2017,$31.76,5018853,$30.78,$32.37,$30.45
04/17/2017,$31.31,4097172,$31.17,$31.79,$30.97
04/13/2017,$30.99,6139705,$32.11,$32.47,$30.99
04/12/2017,$32.05,7598522,$33.86,$34.29,$32.03
04/11/2017,$34.39,3141342,$33.57,$34.46,$33.15
04/10/2017,$33.66,2573791,$33.66,$33.78,$33.20
04/07/2017,$33.73,3671729,$33.25,$34.13,$33.151
04/06/2017,$33.65,3626831,$33.85,$34.16,$33.19
04/05/2017,$33.85,4016124,$34.79,$35.09,$33.755
04/04/2017,$34.23,2297037,$34.03,$34.50,$33.821
04/03/2017,$34.22,4204163,$34.62,$35.00,$33.502
03/31/2017,$34.40,5186799,$34.06,$34.74,$33.60
03/30/2017,$33.49,7117891,$33.00,$35.14,$32.96
03/29/2017,$32.91,2611803,$32.91,$33.29,$32.73
03/28/2017,$32.92,4039654,$32.50,$33.6368,$32.45
03/27/2017,$32.47,3654470,$31.74,$32.57,$31.29
03/24/2017,$32.56,4110069,$33.61,$33.86,$32.365
03/23/2017,$33.31,3071983,$33.41,$33.69,$33.11
03/22/2017,$33.69,2877915,$33.35,$34.15,$33.01
03/21/2017,$33.22,4539013,$34.90,$35.25,$33.17
03/20/2017,$34.90,2688853,$34.90,$35.36,$34.10
03/17/2017,$34.97,3826577,$35.57,$35.98,$34.95
03/16/2017,$35.38,3644271,$35.66,$35.99,$34.98
03/15/2017,$35.14,3753384,$34.40,$35.29,$33.95
03/14/2017,$34.19,3112199,$34.45,$34.58,$33.77
03/13/2017,$34.70,2491427,$35.21,$35.52,$34.53
03/10/2017,$34.53,4051840,$35.90,$36.00,$34.235
03/09/2017,$35.36,4826219,$36.07,$36.55,$34.89
03/08/2017,$35.99,4485104,$35.90,$36.82,$35.90
03/07/2017,$35.80,3752274,$36.81,$36.89,$35.75
03/06/2017,$36.93,5764024,$36.80,$37.48,$35.80
03/03/2017,$36.38,3237996,$36.06,$36.89,$35.75
03/02/2017,$35.85,5097635,$37.64,$38.17,$35.83
03/01/2017,$37.99,10559770,$35.93,$38.15,$35.85
02/28/2017,$34.59,4034102,$34.73,$35.33,$34.40
02/27/2017,$34.78,3898216,$34.52,$35.38,$34.19
02/24/2017,$34.48,5763830,$33.81,$34.64,$33.35
02/23/2017,$34.32,7134528,$36.86,$36.88,$34.26
02/22/2017,$36.60,2587689,$36.40,$36.71,$36.21
02/21/2017,$36.71,3392155,$36.31,$37.01,$36.23
02/17/2017,$36.21,4516538,$36.24,$36.61,$35.79
02/16/2017,$36.46,7038984,$37.82,$37.8303,$36.35
02/15/2017,$37.87,11487880,$38.25,$38.30,$37.73
02/14/2017,$38.56,3746488,$38.57,$39.25,$38.18
02/13/2017,$38.48,5366057,$38.79,$39.78,$38.45
02/10/2017,$38.30,3629114,$37.92,$38.54,$37.505
02/09/2017,$37.42,3382525,$37.41,$37.75,$36.994
02/08/2017,$37.54,3117241,$37.93,$38.50,$37.11
02/07/2017,$37.97,3269794,$38.04,$38.25,$37.31
02/06/2017,$37.75,2833478,$36.90,$38.00,$36.80
02/03/2017,$36.86,5241508,$37.87,$38.05,$36.83
02/02/2017,$37.68,5049626,$36.70,$38.37,$36.63
02/01/2017,$36.26,2905397,$36.58,$37.19,$36.20
01/31/2017,$36.45,2689480,$36.78,$37.23,$36.01
01/30/2017,$36.55,3002398,$36.48,$36.59,$35.77
01/27/2017,$36.67,3617584,$36.30,$37.39,$36.27
01/26/2017,$36.30,5735363,$36.22,$37.0699,$35.51
01/25/2017,$36.53,13578160,$38.58,$38.94,$36.31
01/24/2017,$37.50,11860230,$37.18,$38.38,$37.18
01/23/2017,$36.29,5242745,$35.92,$36.395,$35.455
01/20/2017,$35.66,5330756,$35.40,$35.74,$34.93
01/19/2017,$35.42,5048205,$34.22,$35.63,$34.18
01/18/2017,$34.81,6415205,$32.95,$34.83,$32.64
01/17/2017,$32.64,1382007,$32.97,$33.04,$32.52
01/13/2017,$33.01,3026692,$32.82,$33.43,$32.53
01/12/2017,$33.04,4519589,$33.00,$33.50,$32.51
01/11/2017,$31.97,3064416,$31.08,$32.00,$31.08
01/10/2017,$30.98,3824105,$29.83,$31.10,$29.73
01/09/2017,$29.48,4199896,$30.88,$30.88,$29.215
01/06/2017,$30.68,2084893,$30.69,$31.10,$30.31
01/05/2017,$30.65,2444539,$30.18,$30.93,$30.115
01/04/2017,$30.26,3338214,$29.02,$30.30,$29.02
01/03/2017,$28.83,2746382,$28.60,$28.87,$28.17
12/30/2016,$28.08,2685648,$28.97,$29.3779,$28.01
12/29/2016,$28.89,3224586,$29.43,$29.44,$28.60
12/28/2016,$29.43,2750953,$29.78,$30.17,$29.35
12/27/2016,$29.65,1708936,$29.58,$30.04,$29.40
12/23/2016,$29.71,2887430,$29.79,$30.13,$29.34
12/22/2016,$29.75,3766693,$30.21,$30.35,$29.54
12/21/2016,$30.43,1811751,$30.19,$30.43,$30.02
12/20/2016,$30.16,3821369,$29.90,$30.33,$29.77
12/19/2016,$29.29,2568524,$28.89,$29.49,$28.75
12/16/2016,$29.40,8131315,$29.65,$30.42,$29.16
12/15/2016,$29.79,3752085,$30.16,$30.44,$29.65
12/14/2016,$30.45,3175106,$30.11,$31.32,$30.03
12/13/2016,$30.24,4214709,$31.40,$31.73,$30.03
12/12/2016,$31.24,3415212,$32.16,$32.35,$30.85
12/09/2016,$32.05,4344295,$31.31,$32.11,$31.04
12/08/2016,$31.31,3064978,$31.28,$31.84,$30.80
12/07/2016,$30.90,5778159,$31.30,$31.89,$30.7653
12/06/2016,$31.15,3248134,$30.71,$31.19,$30.21
12/05/2016,$31.22,7033168,$29.03,$31.2768,$28.89
12/02/2016,$29.04,3870545,$28.86,$29.625,$28.73
12/01/2016,$28.88,5006186,$28.84,$29.42,$28.60
11/30/2016,$28.97,5131371,$30.06,$30.44,$28.85
11/29/2016,$29.73,4927429,$30.02,$30.4999,$29.73
11/28/2016,$30.86,5121217,$31.48,$31.80,$30.70
11/25/2016,$31.70,3109628,$31.24,$32.19,$31.11
11/23/2016,$31.51,4112265,$31.00,$31.93,$30.00
11/22/2016,$31.34,4182721,$31.10,$31.91,$30.54
11/21/2016,$30.69,2986061,$30.89,$30.98,$29.501
11/18/2016,$30.42,4421128,$31.73,$31.77,$30.16
11/17/2016,$31.85,4692681,$31.30,$32.02,$30.77
11/16/2016,$31.42,6149882,$29.69,$31.69,$29.66
11/15/2016,$30.21,3668089,$28.94,$30.23,$28.83
11/14/2016,$29.62,5156699,$29.50,$29.94,$28.61
11/11/2016,$29.30,5335020,$29.18,$29.99,$27.63
11/10/2016,$29.10,8189277,$29.08,$29.70,$28.30
11/09/2016,$28.72,10672270,$26.83,$29.14,$26.00
11/08/2016,$26.40,6469708,$24.30,$26.59,$24.30
11/07/2016,$25.08,8375003,$25.54,$26.41,$24.89
11/04/2016,$25.20,6878500,$23.82,$25.50,$23.56
11/03/2016,$24.15,8082385,$22.96,$24.3493,$22.94
11/02/2016,$22.91,10726430,$22.67,$23.265,$22.6358
11/01/2016,$23.00,32215510,$22.10,$23.55,$21.78
10/31/2016,$21.44,1937014,$21.29,$22.10,$20.81
10/28/2016,$21.40,616841,$22.00,$22.00,$20.76
10/27/2016,$21.20,71878,$21.00,$21.75,$20.71
10/26/2016,$21.00,117516,$21.00,$21.00,$20.00
10/25/2016,$21.25,165157,$22.16,$22.50,$20.64
10/24/2016,$21.00,5930,$21.00,$21.00,$20.98
10/21/2016,$21.00,10963,$21.20,$21.20,$20.89
10/20/2016,$21.00,6639,$22.50,$24.25,$20.13
10/19/2016,$22.50,N/A,$22.50,$22.50,$22.50
10/18/2016,$22.50,1000,$22.50,$22.50,$22.50
